solid Box
   facet normal 0.000000e+00 -0.000000e+00 -1.000000e+00
      outer loop
         vertex 2.150000e+01 5.000000e+00 6.000001e+00
         vertex 2.150000e+01 0.000000e+00 6.000001e+00
         vertex 0.000000e+00 0.000000e+00 6.000001e+00
      endloop
   endfacet
   facet normal -0.000000e+00 0.000000e+00 -1.000000e+00
      outer loop
         vertex 2.232635e+01 5.984808e+00 6.000001e+00
         vertex 2.215798e+01 5.939693e+00 6.000001e+00
         vertex 0.000000e+00 2.800000e+01 6.000001e+00
      endloop
   endfacet
   facet normal 0.000000e+00 0.000000e+00 -1.000000e+00
      outer loop
         vertex 4.950000e+01 0.000000e+00 6.000001e+00
         vertex 4.950000e+01 5.000000e+00 6.000001e+00
         vertex 7.100000e+01 0.000000e+00 6.000001e+00
      endloop
   endfacet
   facet normal 0.000000e+00 0.000000e+00 -1.000000e+00
      outer loop
         vertex 7.100000e+01 0.000000e+00 6.000001e+00
         vertex 4.950000e+01 5.000000e+00 6.000001e+00
         vertex 4.948481e+01 5.173648e+00 6.000001e+00
      endloop
   endfacet
   facet normal 0.000000e+00 0.000000e+00 -1.000000e+00
      outer loop
         vertex 7.100000e+01 0.000000e+00 6.000001e+00
         vertex 4.948481e+01 5.173648e+00 6.000001e+00
         vertex 7.100000e+01 2.800000e+01 6.000001e+00
      endloop
   endfacet
   facet normal 0.000000e+00 0.000000e+00 -1.000000e+00
      outer loop
         vertex 7.100000e+01 2.800000e+01 6.000001e+00
         vertex 4.948481e+01 5.173648e+00 6.000001e+00
         vertex 4.943969e+01 5.342020e+00 6.000001e+00
      endloop
   endfacet
   facet normal 0.000000e+00 0.000000e+00 -1.000000e+00
      outer loop
         vertex 7.100000e+01 2.800000e+01 6.000001e+00
         vertex 4.943969e+01 5.342020e+00 6.000001e+00
         vertex 4.936603e+01 5.500000e+00 6.000001e+00
      endloop
   endfacet
   facet normal 0.000000e+00 0.000000e+00 -1.000000e+00
      outer loop
         vertex 4.936603e+01 5.500000e+00 6.000001e+00
         vertex 4.926605e+01 5.642788e+00 6.000001e+00
         vertex 7.100000e+01 2.800000e+01 6.000001e+00
      endloop
   endfacet
   facet normal 0.000000e+00 0.000000e+00 -1.000000e+00
      outer loop
         vertex 7.100000e+01 2.800000e+01 6.000001e+00
         vertex 4.926605e+01 5.642788e+00 6.000001e+00
         vertex 4.914279e+01 5.766044e+00 6.000001e+00
      endloop
   endfacet
   facet normal 0.000000e+00 0.000000e+00 -1.000000e+00
      outer loop
         vertex 7.100000e+01 2.800000e+01 6.000001e+00
         vertex 4.914279e+01 5.766044e+00 6.000001e+00
         vertex 4.900000e+01 5.866026e+00 6.000001e+00
      endloop
   endfacet
   facet normal 0.000000e+00 0.000000e+00 -1.000000e+00
      outer loop
         vertex 4.900000e+01 5.866026e+00 6.000001e+00
         vertex 4.884202e+01 5.939693e+00 6.000001e+00
         vertex 7.100000e+01 2.800000e+01 6.000001e+00
      endloop
   endfacet
   facet normal 0.000000e+00 0.000000e+00 -1.000000e+00
      outer loop
         vertex 7.100000e+01 2.800000e+01 6.000001e+00
         vertex 4.884202e+01 5.939693e+00 6.000001e+00
         vertex 4.867365e+01 5.984808e+00 6.000001e+00
      endloop
   endfacet
   facet normal -0.000000e+00 0.000000e+00 -1.000000e+00
      outer loop
         vertex 7.100000e+01 2.800000e+01 6.000001e+00
         vertex 4.867365e+01 5.984808e+00 6.000001e+00
         vertex 0.000000e+00 2.800000e+01 6.000001e+00
      endloop
   endfacet
   facet normal 0.000000e+00 0.000000e+00 -1.000000e+00
      outer loop
         vertex 0.000000e+00 2.800000e+01 6.000001e+00
         vertex 4.867365e+01 5.984808e+00 6.000001e+00
         vertex 4.850000e+01 6.000000e+00 6.000001e+00
      endloop
   endfacet
   facet normal 0.000000e+00 0.000000e+00 -1.000000e+00
      outer loop
         vertex 0.000000e+00 2.800000e+01 6.000001e+00
         vertex 4.850000e+01 6.000000e+00 6.000001e+00
         vertex 4.650000e+01 6.000000e+00 6.000001e+00
      endloop
   endfacet
   facet normal 0.000000e+00 0.000000e+00 -1.000000e+00
      outer loop
         vertex 4.650000e+01 0.000000e+00 6.000001e+00
         vertex 2.450000e+01 0.000000e+00 6.000001e+00
         vertex 4.650000e+01 6.000000e+00 6.000001e+00
      endloop
   endfacet
   facet normal -0.000000e+00 0.000000e+00 -1.000000e+00
      outer loop
         vertex 4.650000e+01 6.000000e+00 6.000001e+00
         vertex 2.450000e+01 0.000000e+00 6.000001e+00
         vertex 2.450000e+01 6.000000e+00 6.000001e+00
      endloop
   endfacet
   facet normal 0.000000e+00 0.000000e+00 -1.000000e+00
      outer loop
         vertex 4.650000e+01 6.000000e+00 6.000001e+00
         vertex 2.450000e+01 6.000000e+00 6.000001e+00
         vertex 0.000000e+00 2.800000e+01 6.000001e+00
      endloop
   endfacet
   facet normal 0.000000e+00 0.000000e+00 -1.000000e+00
      outer loop
         vertex 0.000000e+00 2.800000e+01 6.000001e+00
         vertex 2.450000e+01 6.000000e+00 6.000001e+00
         vertex 2.250000e+01 6.000000e+00 6.000001e+00
      endloop
   endfacet
   facet normal 0.000000e+00 0.000000e+00 -1.000000e+00
      outer loop
         vertex 0.000000e+00 2.800000e+01 6.000001e+00
         vertex 2.250000e+01 6.000000e+00 6.000001e+00
         vertex 2.232635e+01 5.984808e+00 6.000001e+00
      endloop
   endfacet
   facet normal -0.000000e+00 0.000000e+00 -1.000000e+00
      outer loop
         vertex 2.215798e+01 5.939693e+00 6.000001e+00
         vertex 2.200000e+01 5.866026e+00 6.000001e+00
         vertex 0.000000e+00 2.800000e+01 6.000001e+00
      endloop
   endfacet
   facet normal 0.000000e+00 0.000000e+00 -1.000000e+00
      outer loop
         vertex 0.000000e+00 2.800000e+01 6.000001e+00
         vertex 2.200000e+01 5.866026e+00 6.000001e+00
         vertex 2.185721e+01 5.766044e+00 6.000001e+00
      endloop
   endfacet
   facet normal 0.000000e+00 0.000000e+00 -1.000000e+00
      outer loop
         vertex 0.000000e+00 2.800000e+01 6.000001e+00
         vertex 2.185721e+01 5.766044e+00 6.000001e+00
         vertex 2.173396e+01 5.642788e+00 6.000001e+00
      endloop
   endfacet
   facet normal -0.000000e+00 0.000000e+00 -1.000000e+00
      outer loop
         vertex 2.173396e+01 5.642788e+00 6.000001e+00
         vertex 2.163398e+01 5.500000e+00 6.000001e+00
         vertex 0.000000e+00 2.800000e+01 6.000001e+00
      endloop
   endfacet
   facet normal 0.000000e+00 0.000000e+00 -1.000000e+00
      outer loop
         vertex 0.000000e+00 2.800000e+01 6.000001e+00
         vertex 2.163398e+01 5.500000e+00 6.000001e+00
         vertex 2.156031e+01 5.342020e+00 6.000001e+00
      endloop
   endfacet
   facet normal 0.000000e+00 0.000000e+00 -1.000000e+00
      outer loop
         vertex 0.000000e+00 2.800000e+01 6.000001e+00
         vertex 2.156031e+01 5.342020e+00 6.000001e+00
         vertex 0.000000e+00 0.000000e+00 6.000001e+00
      endloop
   endfacet
   facet normal 0.000000e+00 0.000000e+00 -1.000000e+00
      outer loop
         vertex 0.000000e+00 0.000000e+00 6.000001e+00
         vertex 2.156031e+01 5.342020e+00 6.000001e+00
         vertex 2.151519e+01 5.173648e+00 6.000001e+00
      endloop
   endfacet
   facet normal 0.000000e+00 0.000000e+00 -1.000000e+00
      outer loop
         vertex 0.000000e+00 0.000000e+00 6.000001e+00
         vertex 2.151519e+01 5.173648e+00 6.000001e+00
         vertex 2.150000e+01 5.000000e+00 6.000001e+00
      endloop
   endfacet
   facet normal 0.000000e+00 0.000000e+00 1.000000e+00
      outer loop
         vertex 4.950000e+01 5.000000e+00 4.200000e+01
         vertex 4.950000e+01 0.000000e+00 4.200000e+01
         vertex 7.100000e+01 0.000000e+00 4.200000e+01
      endloop
   endfacet
   facet normal 0.000000e+00 0.000000e+00 1.000000e+00
      outer loop
         vertex 2.450000e+01 0.000000e+00 4.200000e+01
         vertex 4.650000e+01 0.000000e+00 4.200000e+01
         vertex 2.450000e+01 6.000000e+00 4.200000e+01
      endloop
   endfacet
   facet normal -0.000000e+00 0.000000e+00 1.000000e+00
      outer loop
         vertex 2.450000e+01 6.000000e+00 4.200000e+01
         vertex 4.650000e+01 0.000000e+00 4.200000e+01
         vertex 4.650000e+01 6.000000e+00 4.200000e+01
      endloop
   endfacet
   facet normal 0.000000e+00 -0.000000e+00 1.000000e+00
      outer loop
         vertex 2.163398e+01 5.500000e+00 4.200000e+01
         vertex 2.173396e+01 5.642788e+00 4.200000e+01
         vertex 0.000000e+00 2.800000e+01 4.200000e+01
      endloop
   endfacet
   facet normal -0.000000e+00 0.000000e+00 1.000000e+00
      outer loop
         vertex 4.867365e+01 5.984808e+00 4.200000e+01
         vertex 4.884202e+01 5.939693e+00 4.200000e+01
         vertex 7.100000e+01 2.800000e+01 4.200000e+01
      endloop
   endfacet
   facet normal -0.000000e+00 0.000000e+00 1.000000e+00
      outer loop
         vertex 4.926605e+01 5.642788e+00 4.200000e+01
         vertex 4.936603e+01 5.500000e+00 4.200000e+01
         vertex 7.100000e+01 2.800000e+01 4.200000e+01
      endloop
   endfacet
   facet normal 0.000000e+00 0.000000e+00 1.000000e+00
      outer loop
         vertex 7.100000e+01 2.800000e+01 4.200000e+01
         vertex 4.936603e+01 5.500000e+00 4.200000e+01
         vertex 4.943969e+01 5.342020e+00 4.200000e+01
      endloop
   endfacet
   facet normal 0.000000e+00 0.000000e+00 1.000000e+00
      outer loop
         vertex 7.100000e+01 2.800000e+01 4.200000e+01
         vertex 4.943969e+01 5.342020e+00 4.200000e+01
         vertex 7.100000e+01 0.000000e+00 4.200000e+01
      endloop
   endfacet
   facet normal 0.000000e+00 0.000000e+00 1.000000e+00
      outer loop
         vertex 7.100000e+01 0.000000e+00 4.200000e+01
         vertex 4.943969e+01 5.342020e+00 4.200000e+01
         vertex 4.948481e+01 5.173648e+00 4.200000e+01
      endloop
   endfacet
   facet normal 0.000000e+00 0.000000e+00 1.000000e+00
      outer loop
         vertex 7.100000e+01 0.000000e+00 4.200000e+01
         vertex 4.948481e+01 5.173648e+00 4.200000e+01
         vertex 4.950000e+01 5.000000e+00 4.200000e+01
      endloop
   endfacet
   facet normal 0.000000e+00 0.000000e+00 1.000000e+00
      outer loop
         vertex 2.250000e+01 6.000000e+00 4.200000e+01
         vertex 0.000000e+00 2.800000e+01 4.200000e+01
         vertex 2.232635e+01 5.984808e+00 4.200000e+01
      endloop
   endfacet
   facet normal 0.000000e+00 0.000000e+00 1.000000e+00
      outer loop
         vertex 2.232635e+01 5.984808e+00 4.200000e+01
         vertex 0.000000e+00 2.800000e+01 4.200000e+01
         vertex 2.215798e+01 5.939693e+00 4.200000e+01
      endloop
   endfacet
   facet normal -0.000000e+00 0.000000e+00 1.000000e+00
      outer loop
         vertex 4.884202e+01 5.939693e+00 4.200000e+01
         vertex 4.900000e+01 5.866026e+00 4.200000e+01
         vertex 7.100000e+01 2.800000e+01 4.200000e+01
      endloop
   endfacet
   facet normal 0.000000e+00 0.000000e+00 1.000000e+00
      outer loop
         vertex 7.100000e+01 2.800000e+01 4.200000e+01
         vertex 4.900000e+01 5.866026e+00 4.200000e+01
         vertex 4.914279e+01 5.766044e+00 4.200000e+01
      endloop
   endfacet
   facet normal 0.000000e+00 0.000000e+00 1.000000e+00
      outer loop
         vertex 7.100000e+01 2.800000e+01 4.200000e+01
         vertex 4.914279e+01 5.766044e+00 4.200000e+01
         vertex 4.926605e+01 5.642788e+00 4.200000e+01
      endloop
   endfacet
   facet normal 0.000000e+00 -0.000000e+00 1.000000e+00
      outer loop
         vertex 2.173396e+01 5.642788e+00 4.200000e+01
         vertex 2.185721e+01 5.766044e+00 4.200000e+01
         vertex 0.000000e+00 2.800000e+01 4.200000e+01
      endloop
   endfacet
   facet normal 0.000000e+00 0.000000e+00 1.000000e+00
      outer loop
         vertex 0.000000e+00 2.800000e+01 4.200000e+01
         vertex 2.185721e+01 5.766044e+00 4.200000e+01
         vertex 2.200000e+01 5.866026e+00 4.200000e+01
      endloop
   endfacet
   facet normal 0.000000e+00 0.000000e+00 1.000000e+00
      outer loop
         vertex 0.000000e+00 2.800000e+01 4.200000e+01
         vertex 2.200000e+01 5.866026e+00 4.200000e+01
         vertex 2.215798e+01 5.939693e+00 4.200000e+01
      endloop
   endfacet
   facet normal 0.000000e+00 -0.000000e+00 1.000000e+00
      outer loop
         vertex 2.150000e+01 0.000000e+00 4.200000e+01
         vertex 2.150000e+01 5.000000e+00 4.200000e+01
         vertex 0.000000e+00 0.000000e+00 4.200000e+01
      endloop
   endfacet
   facet normal 0.000000e+00 0.000000e+00 1.000000e+00
      outer loop
         vertex 0.000000e+00 0.000000e+00 4.200000e+01
         vertex 2.150000e+01 5.000000e+00 4.200000e+01
         vertex 2.151519e+01 5.173648e+00 4.200000e+01
      endloop
   endfacet
   facet normal 0.000000e+00 0.000000e+00 1.000000e+00
      outer loop
         vertex 0.000000e+00 0.000000e+00 4.200000e+01
         vertex 2.151519e+01 5.173648e+00 4.200000e+01
         vertex 0.000000e+00 2.800000e+01 4.200000e+01
      endloop
   endfacet
   facet normal 0.000000e+00 0.000000e+00 1.000000e+00
      outer loop
         vertex 0.000000e+00 2.800000e+01 4.200000e+01
         vertex 2.151519e+01 5.173648e+00 4.200000e+01
         vertex 2.156031e+01 5.342020e+00 4.200000e+01
      endloop
   endfacet
   facet normal 0.000000e+00 0.000000e+00 1.000000e+00
      outer loop
         vertex 0.000000e+00 2.800000e+01 4.200000e+01
         vertex 2.156031e+01 5.342020e+00 4.200000e+01
         vertex 2.163398e+01 5.500000e+00 4.200000e+01
      endloop
   endfacet
   facet normal 0.000000e+00 -0.000000e+00 1.000000e+00
      outer loop
         vertex 2.250000e+01 6.000000e+00 4.200000e+01
         vertex 2.450000e+01 6.000000e+00 4.200000e+01
         vertex 0.000000e+00 2.800000e+01 4.200000e+01
      endloop
   endfacet
   facet normal 0.000000e+00 0.000000e+00 1.000000e+00
      outer loop
         vertex 0.000000e+00 2.800000e+01 4.200000e+01
         vertex 2.450000e+01 6.000000e+00 4.200000e+01
         vertex 4.650000e+01 6.000000e+00 4.200000e+01
      endloop
   endfacet
   facet normal -0.000000e+00 0.000000e+00 1.000000e+00
      outer loop
         vertex 0.000000e+00 2.800000e+01 4.200000e+01
         vertex 4.650000e+01 6.000000e+00 4.200000e+01
         vertex 7.100000e+01 2.800000e+01 4.200000e+01
      endloop
   endfacet
   facet normal 0.000000e+00 0.000000e+00 1.000000e+00
      outer loop
         vertex 7.100000e+01 2.800000e+01 4.200000e+01
         vertex 4.650000e+01 6.000000e+00 4.200000e+01
         vertex 4.850000e+01 6.000000e+00 4.200000e+01
      endloop
   endfacet
   facet normal 0.000000e+00 0.000000e+00 1.000000e+00
      outer loop
         vertex 7.100000e+01 2.800000e+01 4.200000e+01
         vertex 4.850000e+01 6.000000e+00 4.200000e+01
         vertex 4.867365e+01 5.984808e+00 4.200000e+01
      endloop
   endfacet
   facet normal 1.000000e+00 0.000000e+00 -0.000000e+00
      outer loop
         vertex 7.100000e+01 2.800000e+01 3.436018e+01
         vertex 7.100000e+01 2.800000e+01 4.200000e+01
         vertex 7.100000e+01 1.100000e+01 3.436018e+01
      endloop
   endfacet
   facet normal 1.000000e+00 0.000000e+00 -0.000000e+00
      outer loop
         vertex 7.100000e+01 1.100000e+01 3.436018e+01
         vertex 7.100000e+01 2.800000e+01 4.200000e+01
         vertex 7.100000e+01 0.000000e+00 4.200000e+01
      endloop
   endfacet
   facet normal 1.000000e+00 0.000000e+00 0.000000e+00
      outer loop
         vertex 7.100000e+01 1.100000e+01 3.436018e+01
         vertex 7.100000e+01 0.000000e+00 4.200000e+01
         vertex 7.100000e+01 1.100000e+01 3.136018e+01
      endloop
   endfacet
   facet normal 1.000000e+00 0.000000e+00 0.000000e+00
      outer loop
         vertex 7.100000e+01 1.100000e+01 3.136018e+01
         vertex 7.100000e+01 0.000000e+00 4.200000e+01
         vertex 7.100000e+01 0.000000e+00 6.000001e+00
      endloop
   endfacet
   facet normal 1.000000e+00 -0.000000e+00 0.000000e+00
      outer loop
         vertex 7.100000e+01 1.100000e+01 3.136018e+01
         vertex 7.100000e+01 0.000000e+00 6.000001e+00
         vertex 7.100000e+01 2.800000e+01 3.136018e+01
      endloop
   endfacet
   facet normal 1.000000e+00 0.000000e+00 0.000000e+00
      outer loop
         vertex 7.100000e+01 2.800000e+01 3.136018e+01
         vertex 7.100000e+01 0.000000e+00 6.000001e+00
         vertex 7.100000e+01 2.800000e+01 6.000001e+00
      endloop
   endfacet
   facet normal -1.000000e+00 -0.000000e+00 -0.000000e+00
      outer loop
         vertex 0.000000e+00 2.800000e+01 4.200000e+01
         vertex 0.000000e+00 2.800000e+01 6.000001e+00
         vertex 0.000000e+00 0.000000e+00 4.200000e+01
      endloop
   endfacet
   facet normal -1.000000e+00 0.000000e+00 0.000000e+00
      outer loop
         vertex 0.000000e+00 0.000000e+00 4.200000e+01
         vertex 0.000000e+00 2.800000e+01 6.000001e+00
         vertex 0.000000e+00 0.000000e+00 6.000001e+00
      endloop
   endfacet
   facet normal 0.000000e+00 -1.000000e+00 0.000000e+00
      outer loop
         vertex 4.950000e+01 0.000000e+00 4.200000e+01
         vertex 4.650000e+01 0.000000e+00 4.500000e+01
         vertex 4.650000e+01 0.000000e+00 4.200000e+01
      endloop
   endfacet
   facet normal -0.000000e+00 -1.000000e+00 0.000000e+00
      outer loop
         vertex 4.867365e+01 0.000000e+00 4.798481e+01
         vertex 4.850000e+01 0.000000e+00 4.800000e+01
         vertex 4.650000e+01 0.000000e+00 4.500000e+01
      endloop
   endfacet
   facet normal 0.000000e+00 -1.000000e+00 0.000000e+00
      outer loop
         vertex 0.000000e+00 0.000000e+00 4.200000e+01
         vertex 0.000000e+00 0.000000e+00 6.000001e+00
         vertex 2.150000e+01 0.000000e+00 4.200000e+01
      endloop
   endfacet
   facet normal 0.000000e+00 -1.000000e+00 -0.000000e+00
      outer loop
         vertex 2.150000e+01 0.000000e+00 4.200000e+01
         vertex 0.000000e+00 0.000000e+00 6.000001e+00
         vertex 2.150000e+01 0.000000e+00 6.000001e+00
      endloop
   endfacet
   facet normal -0.000000e+00 -1.000000e+00 -0.000000e+00
      outer loop
         vertex 7.100000e+01 0.000000e+00 4.200000e+01
         vertex 4.950000e+01 0.000000e+00 4.200000e+01
         vertex 7.100000e+01 0.000000e+00 6.000001e+00
      endloop
   endfacet
   facet normal 0.000000e+00 -1.000000e+00 0.000000e+00
      outer loop
         vertex 7.100000e+01 0.000000e+00 6.000001e+00
         vertex 4.950000e+01 0.000000e+00 4.200000e+01
         vertex 4.650000e+01 0.000000e+00 4.200000e+01
      endloop
   endfacet
   facet normal 0.000000e+00 -1.000000e+00 0.000000e+00
      outer loop
         vertex 7.100000e+01 0.000000e+00 6.000001e+00
         vertex 4.650000e+01 0.000000e+00 4.200000e+01
         vertex 4.950000e+01 0.000000e+00 6.000001e+00
      endloop
   endfacet
   facet normal 0.000000e+00 -1.000000e+00 0.000000e+00
      outer loop
         vertex 4.950000e+01 0.000000e+00 6.000001e+00
         vertex 4.650000e+01 0.000000e+00 4.200000e+01
         vertex 2.450000e+01 0.000000e+00 4.200000e+01
      endloop
   endfacet
   facet normal 0.000000e+00 -1.000000e+00 -0.000000e+00
      outer loop
         vertex 2.232635e+01 0.000000e+00 4.798481e+01
         vertex 2.215798e+01 0.000000e+00 4.793969e+01
         vertex 2.450000e+01 0.000000e+00 4.500000e+01
      endloop
   endfacet
   facet normal 0.000000e+00 -1.000000e+00 0.000000e+00
      outer loop
         vertex 4.867365e+01 0.000000e+00 1.519173e-02
         vertex 4.884202e+01 0.000000e+00 6.030686e-02
         vertex 4.650000e+01 0.000000e+00 3.000000e+00
      endloop
   endfacet
   facet normal 0.000000e+00 -1.000000e+00 0.000000e+00
      outer loop
         vertex 4.650000e+01 0.000000e+00 3.000000e+00
         vertex 4.884202e+01 0.000000e+00 6.030686e-02
         vertex 4.900000e+01 0.000000e+00 1.339745e-01
      endloop
   endfacet
   facet normal 0.000000e+00 -1.000000e+00 0.000000e+00
      outer loop
         vertex 4.650000e+01 0.000000e+00 3.000000e+00
         vertex 4.900000e+01 0.000000e+00 1.339745e-01
         vertex 4.914279e+01 0.000000e+00 2.339557e-01
      endloop
   endfacet
   facet normal 0.000000e+00 -1.000000e+00 0.000000e+00
      outer loop
         vertex 4.650000e+01 0.000000e+00 6.000001e+00
         vertex 2.150000e+01 0.000000e+00 4.200000e+01
         vertex 2.450000e+01 0.000000e+00 6.000001e+00
      endloop
   endfacet
   facet normal 0.000000e+00 -1.000000e+00 0.000000e+00
      outer loop
         vertex 2.450000e+01 0.000000e+00 6.000001e+00
         vertex 2.150000e+01 0.000000e+00 4.200000e+01
         vertex 2.150000e+01 0.000000e+00 6.000001e+00
      endloop
   endfacet
   facet normal -0.000000e+00 -1.000000e+00 -0.000000e+00
      outer loop
         vertex 2.450000e+01 0.000000e+00 6.000001e+00
         vertex 2.150000e+01 0.000000e+00 6.000001e+00
         vertex 2.450000e+01 0.000000e+00 3.000000e+00
      endloop
   endfacet
   facet normal 0.000000e+00 -1.000000e+00 -0.000000e+00
      outer loop
         vertex 2.173396e+01 0.000000e+00 4.764279e+01
         vertex 2.163398e+01 0.000000e+00 4.750000e+01
         vertex 2.450000e+01 0.000000e+00 4.500000e+01
      endloop
   endfacet
   facet normal 0.000000e+00 -1.000000e+00 0.000000e+00
      outer loop
         vertex 2.450000e+01 0.000000e+00 4.500000e+01
         vertex 2.163398e+01 0.000000e+00 4.750000e+01
         vertex 2.156031e+01 0.000000e+00 4.734202e+01
      endloop
   endfacet
   facet normal 0.000000e+00 -1.000000e+00 0.000000e+00
      outer loop
         vertex 4.650000e+01 0.000000e+00 4.500000e+01
         vertex 4.850000e+01 0.000000e+00 4.800000e+01
         vertex 2.450000e+01 0.000000e+00 4.500000e+01
      endloop
   endfacet
   facet normal 0.000000e+00 -1.000000e+00 0.000000e+00
      outer loop
         vertex 2.450000e+01 0.000000e+00 4.500000e+01
         vertex 4.850000e+01 0.000000e+00 4.800000e+01
         vertex 2.250000e+01 0.000000e+00 4.800000e+01
      endloop
   endfacet
   facet normal 0.000000e+00 -1.000000e+00 0.000000e+00
      outer loop
         vertex 2.450000e+01 0.000000e+00 4.500000e+01
         vertex 2.250000e+01 0.000000e+00 4.800000e+01
         vertex 2.232635e+01 0.000000e+00 4.798481e+01
      endloop
   endfacet
   facet normal 0.000000e+00 -1.000000e+00 0.000000e+00
      outer loop
         vertex 2.215798e+01 0.000000e+00 6.030686e-02
         vertex 2.450000e+01 0.000000e+00 3.000000e+00
         vertex 2.200000e+01 0.000000e+00 1.339745e-01
      endloop
   endfacet
   facet normal 0.000000e+00 -1.000000e+00 0.000000e+00
      outer loop
         vertex 2.200000e+01 0.000000e+00 1.339745e-01
         vertex 2.450000e+01 0.000000e+00 3.000000e+00
         vertex 2.185721e+01 0.000000e+00 2.339557e-01
      endloop
   endfacet
   facet normal 0.000000e+00 -1.000000e+00 0.000000e+00
      outer loop
         vertex 2.215798e+01 0.000000e+00 6.030686e-02
         vertex 2.232635e+01 0.000000e+00 1.519173e-02
         vertex 2.450000e+01 0.000000e+00 3.000000e+00
      endloop
   endfacet
   facet normal 0.000000e+00 -1.000000e+00 0.000000e+00
      outer loop
         vertex 2.450000e+01 0.000000e+00 3.000000e+00
         vertex 2.232635e+01 0.000000e+00 1.519173e-02
         vertex 2.250000e+01 0.000000e+00 0.000000e+00
      endloop
   endfacet
   facet normal 0.000000e+00 -1.000000e+00 -0.000000e+00
      outer loop
         vertex 2.450000e+01 0.000000e+00 3.000000e+00
         vertex 2.250000e+01 0.000000e+00 0.000000e+00
         vertex 4.650000e+01 0.000000e+00 3.000000e+00
      endloop
   endfacet
   facet normal 0.000000e+00 -1.000000e+00 -0.000000e+00
      outer loop
         vertex 4.650000e+01 0.000000e+00 3.000000e+00
         vertex 2.250000e+01 0.000000e+00 0.000000e+00
         vertex 4.850000e+01 0.000000e+00 0.000000e+00
      endloop
   endfacet
   facet normal 0.000000e+00 -1.000000e+00 0.000000e+00
      outer loop
         vertex 4.650000e+01 0.000000e+00 3.000000e+00
         vertex 4.850000e+01 0.000000e+00 0.000000e+00
         vertex 4.867365e+01 0.000000e+00 1.519173e-02
      endloop
   endfacet
   facet normal 0.000000e+00 -1.000000e+00 -0.000000e+00
      outer loop
         vertex 2.215798e+01 0.000000e+00 4.793969e+01
         vertex 2.200000e+01 0.000000e+00 4.786603e+01
         vertex 2.450000e+01 0.000000e+00 4.500000e+01
      endloop
   endfacet
   facet normal 0.000000e+00 -1.000000e+00 0.000000e+00
      outer loop
         vertex 2.450000e+01 0.000000e+00 4.500000e+01
         vertex 2.200000e+01 0.000000e+00 4.786603e+01
         vertex 2.185721e+01 0.000000e+00 4.776604e+01
      endloop
   endfacet
   facet normal 0.000000e+00 -1.000000e+00 0.000000e+00
      outer loop
         vertex 2.450000e+01 0.000000e+00 4.500000e+01
         vertex 2.185721e+01 0.000000e+00 4.776604e+01
         vertex 2.173396e+01 0.000000e+00 4.764279e+01
      endloop
   endfacet
   facet normal -0.000000e+00 -1.000000e+00 0.000000e+00
      outer loop
         vertex 4.914279e+01 0.000000e+00 4.776604e+01
         vertex 4.900000e+01 0.000000e+00 4.786603e+01
         vertex 4.650000e+01 0.000000e+00 4.500000e+01
      endloop
   endfacet
   facet normal 0.000000e+00 -1.000000e+00 0.000000e+00
      outer loop
         vertex 4.650000e+01 0.000000e+00 4.500000e+01
         vertex 4.900000e+01 0.000000e+00 4.786603e+01
         vertex 4.884202e+01 0.000000e+00 4.793969e+01
      endloop
   endfacet
   facet normal 0.000000e+00 -1.000000e+00 0.000000e+00
      outer loop
         vertex 4.650000e+01 0.000000e+00 4.500000e+01
         vertex 4.884202e+01 0.000000e+00 4.793969e+01
         vertex 4.867365e+01 0.000000e+00 4.798481e+01
      endloop
   endfacet
   facet normal 0.000000e+00 -1.000000e+00 0.000000e+00
      outer loop
         vertex 4.950000e+01 0.000000e+00 4.200000e+01
         vertex 4.950000e+01 0.000000e+00 4.700000e+01
         vertex 4.650000e+01 0.000000e+00 4.500000e+01
      endloop
   endfacet
   facet normal 0.000000e+00 -1.000000e+00 0.000000e+00
      outer loop
         vertex 4.650000e+01 0.000000e+00 4.500000e+01
         vertex 4.950000e+01 0.000000e+00 4.700000e+01
         vertex 4.948481e+01 0.000000e+00 4.717365e+01
      endloop
   endfacet
   facet normal 0.000000e+00 -1.000000e+00 0.000000e+00
      outer loop
         vertex 4.650000e+01 0.000000e+00 4.500000e+01
         vertex 4.948481e+01 0.000000e+00 4.717365e+01
         vertex 4.943969e+01 0.000000e+00 4.734202e+01
      endloop
   endfacet
   facet normal 0.000000e+00 -1.000000e+00 0.000000e+00
      outer loop
         vertex 2.150000e+01 0.000000e+00 6.000001e+00
         vertex 2.150000e+01 0.000000e+00 1.000000e+00
         vertex 2.450000e+01 0.000000e+00 3.000000e+00
      endloop
   endfacet
   facet normal 0.000000e+00 -1.000000e+00 0.000000e+00
      outer loop
         vertex 2.450000e+01 0.000000e+00 3.000000e+00
         vertex 2.150000e+01 0.000000e+00 1.000000e+00
         vertex 2.151519e+01 0.000000e+00 8.263513e-01
      endloop
   endfacet
   facet normal 0.000000e+00 -1.000000e+00 0.000000e+00
      outer loop
         vertex 2.450000e+01 0.000000e+00 3.000000e+00
         vertex 2.151519e+01 0.000000e+00 8.263513e-01
         vertex 2.156031e+01 0.000000e+00 6.579794e-01
      endloop
   endfacet
   facet normal 0.000000e+00 -1.000000e+00 0.000000e+00
      outer loop
         vertex 4.914279e+01 0.000000e+00 2.339557e-01
         vertex 4.926605e+01 0.000000e+00 3.572125e-01
         vertex 4.650000e+01 0.000000e+00 3.000000e+00
      endloop
   endfacet
   facet normal 0.000000e+00 -1.000000e+00 0.000000e+00
      outer loop
         vertex 4.650000e+01 0.000000e+00 3.000000e+00
         vertex 4.926605e+01 0.000000e+00 3.572125e-01
         vertex 4.936603e+01 0.000000e+00 5.000010e-01
      endloop
   endfacet
   facet normal 0.000000e+00 -1.000000e+00 0.000000e+00
      outer loop
         vertex 4.650000e+01 0.000000e+00 3.000000e+00
         vertex 4.936603e+01 0.000000e+00 5.000010e-01
         vertex 4.943969e+01 0.000000e+00 6.579794e-01
      endloop
   endfacet
   facet normal 0.000000e+00 -1.000000e+00 -0.000000e+00
      outer loop
         vertex 2.156031e+01 0.000000e+00 4.734202e+01
         vertex 2.151519e+01 0.000000e+00 4.717365e+01
         vertex 2.450000e+01 0.000000e+00 4.500000e+01
      endloop
   endfacet
   facet normal 0.000000e+00 -1.000000e+00 0.000000e+00
      outer loop
         vertex 2.450000e+01 0.000000e+00 4.500000e+01
         vertex 2.151519e+01 0.000000e+00 4.717365e+01
         vertex 2.150000e+01 0.000000e+00 4.700000e+01
      endloop
   endfacet
   facet normal -0.000000e+00 -1.000000e+00 -0.000000e+00
      outer loop
         vertex 2.450000e+01 0.000000e+00 4.500000e+01
         vertex 2.150000e+01 0.000000e+00 4.700000e+01
         vertex 2.450000e+01 0.000000e+00 4.200000e+01
      endloop
   endfacet
   facet normal 0.000000e+00 -1.000000e+00 0.000000e+00
      outer loop
         vertex 2.450000e+01 0.000000e+00 4.200000e+01
         vertex 2.150000e+01 0.000000e+00 4.700000e+01
         vertex 2.150000e+01 0.000000e+00 4.200000e+01
      endloop
   endfacet
   facet normal -0.000000e+00 -1.000000e+00 -0.000000e+00
      outer loop
         vertex 2.450000e+01 0.000000e+00 4.200000e+01
         vertex 2.150000e+01 0.000000e+00 4.200000e+01
         vertex 4.950000e+01 0.000000e+00 6.000001e+00
      endloop
   endfacet
   facet normal 0.000000e+00 -1.000000e+00 0.000000e+00
      outer loop
         vertex 4.950000e+01 0.000000e+00 6.000001e+00
         vertex 2.150000e+01 0.000000e+00 4.200000e+01
         vertex 4.650000e+01 0.000000e+00 6.000001e+00
      endloop
   endfacet
   facet normal -0.000000e+00 -1.000000e+00 -0.000000e+00
      outer loop
         vertex 4.950000e+01 0.000000e+00 6.000001e+00
         vertex 4.650000e+01 0.000000e+00 6.000001e+00
         vertex 4.950000e+01 0.000000e+00 1.000000e+00
      endloop
   endfacet
   facet normal 0.000000e+00 -1.000000e+00 0.000000e+00
      outer loop
         vertex 4.950000e+01 0.000000e+00 1.000000e+00
         vertex 4.650000e+01 0.000000e+00 6.000001e+00
         vertex 4.650000e+01 0.000000e+00 3.000000e+00
      endloop
   endfacet
   facet normal -0.000000e+00 -1.000000e+00 0.000000e+00
      outer loop
         vertex 4.950000e+01 0.000000e+00 1.000000e+00
         vertex 4.650000e+01 0.000000e+00 3.000000e+00
         vertex 4.948481e+01 0.000000e+00 8.263513e-01
      endloop
   endfacet
   facet normal -0.000000e+00 -1.000000e+00 0.000000e+00
      outer loop
         vertex 4.948481e+01 0.000000e+00 8.263513e-01
         vertex 4.650000e+01 0.000000e+00 3.000000e+00
         vertex 4.943969e+01 0.000000e+00 6.579794e-01
      endloop
   endfacet
   facet normal -0.000000e+00 -1.000000e+00 0.000000e+00
      outer loop
         vertex 4.943969e+01 0.000000e+00 4.734202e+01
         vertex 4.936603e+01 0.000000e+00 4.750000e+01
         vertex 4.650000e+01 0.000000e+00 4.500000e+01
      endloop
   endfacet
   facet normal 0.000000e+00 -1.000000e+00 0.000000e+00
      outer loop
         vertex 4.650000e+01 0.000000e+00 4.500000e+01
         vertex 4.936603e+01 0.000000e+00 4.750000e+01
         vertex 4.926605e+01 0.000000e+00 4.764279e+01
      endloop
   endfacet
   facet normal 0.000000e+00 -1.000000e+00 0.000000e+00
      outer loop
         vertex 4.650000e+01 0.000000e+00 4.500000e+01
         vertex 4.926605e+01 0.000000e+00 4.764279e+01
         vertex 4.914279e+01 0.000000e+00 4.776604e+01
      endloop
   endfacet
   facet normal 0.000000e+00 -1.000000e+00 0.000000e+00
      outer loop
         vertex 2.156031e+01 0.000000e+00 6.579794e-01
         vertex 2.163398e+01 0.000000e+00 5.000010e-01
         vertex 2.450000e+01 0.000000e+00 3.000000e+00
      endloop
   endfacet
   facet normal 0.000000e+00 -1.000000e+00 0.000000e+00
      outer loop
         vertex 2.450000e+01 0.000000e+00 3.000000e+00
         vertex 2.163398e+01 0.000000e+00 5.000010e-01
         vertex 2.173396e+01 0.000000e+00 3.572125e-01
      endloop
   endfacet
   facet normal 0.000000e+00 -1.000000e+00 0.000000e+00
      outer loop
         vertex 2.450000e+01 0.000000e+00 3.000000e+00
         vertex 2.173396e+01 0.000000e+00 3.572125e-01
         vertex 2.185721e+01 0.000000e+00 2.339557e-01
      endloop
   endfacet
   facet normal -0.000000e+00 1.000000e+00 0.000000e+00
      outer loop
         vertex 6.900000e+01 2.800000e+01 3.136018e+01
         vertex 7.100000e+01 2.800000e+01 3.136018e+01
         vertex 6.900000e+01 2.800000e+01 7.999999e+00
      endloop
   endfacet
   facet normal -0.000000e+00 1.000000e+00 0.000000e+00
      outer loop
         vertex 6.900000e+01 2.800000e+01 7.999999e+00
         vertex 7.100000e+01 2.800000e+01 3.136018e+01
         vertex 7.100000e+01 2.800000e+01 6.000001e+00
      endloop
   endfacet
   facet normal 0.000000e+00 1.000000e+00 0.000000e+00
      outer loop
         vertex 6.900000e+01 2.800000e+01 7.999999e+00
         vertex 7.100000e+01 2.800000e+01 6.000001e+00
         vertex 2.000000e+00 2.800000e+01 7.999999e+00
      endloop
   endfacet
   facet normal 0.000000e+00 1.000000e+00 0.000000e+00
      outer loop
         vertex 2.000000e+00 2.800000e+01 7.999999e+00
         vertex 7.100000e+01 2.800000e+01 6.000001e+00
         vertex 0.000000e+00 2.800000e+01 6.000001e+00
      endloop
   endfacet
   facet normal 0.000000e+00 1.000000e+00 -0.000000e+00
      outer loop
         vertex 2.000000e+00 2.800000e+01 7.999999e+00
         vertex 0.000000e+00 2.800000e+01 6.000001e+00
         vertex 2.000000e+00 2.800000e+01 4.000000e+01
      endloop
   endfacet
   facet normal 0.000000e+00 1.000000e+00 0.000000e+00
      outer loop
         vertex 2.000000e+00 2.800000e+01 4.000000e+01
         vertex 0.000000e+00 2.800000e+01 6.000001e+00
         vertex 0.000000e+00 2.800000e+01 4.200000e+01
      endloop
   endfacet
   facet normal 0.000000e+00 1.000000e+00 -0.000000e+00
      outer loop
         vertex 2.000000e+00 2.800000e+01 4.000000e+01
         vertex 0.000000e+00 2.800000e+01 4.200000e+01
         vertex 6.900000e+01 2.800000e+01 4.000000e+01
      endloop
   endfacet
   facet normal 0.000000e+00 1.000000e+00 -0.000000e+00
      outer loop
         vertex 6.900000e+01 2.800000e+01 4.000000e+01
         vertex 0.000000e+00 2.800000e+01 4.200000e+01
         vertex 7.100000e+01 2.800000e+01 4.200000e+01
      endloop
   endfacet
   facet normal -0.000000e+00 1.000000e+00 0.000000e+00
      outer loop
         vertex 6.900000e+01 2.800000e+01 4.000000e+01
         vertex 7.100000e+01 2.800000e+01 4.200000e+01
         vertex 6.900000e+01 2.800000e+01 3.436018e+01
      endloop
   endfacet
   facet normal 0.000000e+00 1.000000e+00 0.000000e+00
      outer loop
         vertex 6.900000e+01 2.800000e+01 3.436018e+01
         vertex 7.100000e+01 2.800000e+01 4.200000e+01
         vertex 7.100000e+01 2.800000e+01 3.436018e+01
      endloop
   endfacet
   facet normal -1.000000e+00 -0.000000e+00 -0.000000e+00
      outer loop
         vertex 6.900000e+01 2.800000e+01 3.136018e+01
         vertex 6.900000e+01 2.800000e+01 7.999999e+00
         vertex 6.900000e+01 1.100000e+01 3.136018e+01
      endloop
   endfacet
   facet normal -1.000000e+00 0.000000e+00 -0.000000e+00
      outer loop
         vertex 6.900000e+01 1.100000e+01 3.136018e+01
         vertex 6.900000e+01 2.800000e+01 7.999999e+00
         vertex 6.900000e+01 2.000000e+00 7.999999e+00
      endloop
   endfacet
   facet normal -1.000000e+00 -0.000000e+00 0.000000e+00
      outer loop
         vertex 6.900000e+01 1.100000e+01 3.136018e+01
         vertex 6.900000e+01 2.000000e+00 7.999999e+00
         vertex 6.900000e+01 1.100000e+01 3.436018e+01
      endloop
   endfacet
   facet normal -1.000000e+00 -0.000000e+00 0.000000e+00
      outer loop
         vertex 6.900000e+01 1.100000e+01 3.436018e+01
         vertex 6.900000e+01 2.000000e+00 7.999999e+00
         vertex 6.900000e+01 2.000000e+00 4.000000e+01
      endloop
   endfacet
   facet normal -1.000000e+00 0.000000e+00 0.000000e+00
      outer loop
         vertex 6.900000e+01 1.100000e+01 3.436018e+01
         vertex 6.900000e+01 2.000000e+00 4.000000e+01
         vertex 6.900000e+01 2.800000e+01 3.436018e+01
      endloop
   endfacet
   facet normal -1.000000e+00 0.000000e+00 0.000000e+00
      outer loop
         vertex 6.900000e+01 2.800000e+01 3.436018e+01
         vertex 6.900000e+01 2.000000e+00 4.000000e+01
         vertex 6.900000e+01 2.800000e+01 4.000000e+01
      endloop
   endfacet
   facet normal 0.000000e+00 0.000000e+00 1.000000e+00
      outer loop
         vertex 6.900000e+01 2.800000e+01 7.999999e+00
         vertex 2.000000e+00 2.800000e+01 7.999999e+00
         vertex 6.900000e+01 2.000000e+00 7.999999e+00
      endloop
   endfacet
   facet normal 0.000000e+00 0.000000e+00 1.000000e+00
      outer loop
         vertex 6.900000e+01 2.000000e+00 7.999999e+00
         vertex 2.000000e+00 2.800000e+01 7.999999e+00
         vertex 2.000000e+00 2.000000e+00 7.999999e+00
      endloop
   endfacet
   facet normal 1.000000e+00 0.000000e+00 -0.000000e+00
      outer loop
         vertex 2.000000e+00 2.800000e+01 7.999999e+00
         vertex 2.000000e+00 2.800000e+01 4.000000e+01
         vertex 2.000000e+00 2.000000e+00 7.999999e+00
      endloop
   endfacet
   facet normal 1.000000e+00 0.000000e+00 0.000000e+00
      outer loop
         vertex 2.000000e+00 2.000000e+00 7.999999e+00
         vertex 2.000000e+00 2.800000e+01 4.000000e+01
         vertex 2.000000e+00 2.000000e+00 4.000000e+01
      endloop
   endfacet
   facet normal 0.000000e+00 0.000000e+00 -1.000000e+00
      outer loop
         vertex 2.000000e+00 2.800000e+01 4.000000e+01
         vertex 6.900000e+01 2.800000e+01 4.000000e+01
         vertex 2.000000e+00 2.000000e+00 4.000000e+01
      endloop
   endfacet
   facet normal 0.000000e+00 0.000000e+00 -1.000000e+00
      outer loop
         vertex 2.000000e+00 2.000000e+00 4.000000e+01
         vertex 6.900000e+01 2.800000e+01 4.000000e+01
         vertex 6.900000e+01 2.000000e+00 4.000000e+01
      endloop
   endfacet
   facet normal 0.000000e+00 1.000000e+00 -0.000000e+00
      outer loop
         vertex 6.900000e+01 2.000000e+00 7.999999e+00
         vertex 2.000000e+00 2.000000e+00 7.999999e+00
         vertex 6.900000e+01 2.000000e+00 4.000000e+01
      endloop
   endfacet
   facet normal 0.000000e+00 1.000000e+00 0.000000e+00
      outer loop
         vertex 6.900000e+01 2.000000e+00 4.000000e+01
         vertex 2.000000e+00 2.000000e+00 7.999999e+00
         vertex 2.000000e+00 2.000000e+00 4.000000e+01
      endloop
   endfacet
   facet normal -1.000000e+00 0.000000e+00 -0.000000e+00
      outer loop
         vertex 2.150000e+01 5.000000e+00 4.600000e+01
         vertex 2.150000e+01 5.000000e+00 4.200000e+01
         vertex 2.150000e+01 0.000000e+00 4.200000e+01
      endloop
   endfacet
   facet normal -1.000000e+00 0.000000e+00 0.000000e+00
      outer loop
         vertex 2.150000e+01 0.000000e+00 4.200000e+01
         vertex 2.150000e+01 0.000000e+00 4.700000e+01
         vertex 2.150000e+01 2.000000e+00 4.700000e+01
      endloop
   endfacet
   facet normal -1.000000e+00 0.000000e+00 0.000000e+00
      outer loop
         vertex 2.150000e+01 4.173648e+00 4.698481e+01
         vertex 2.150000e+01 4.342020e+00 4.693969e+01
         vertex 2.150000e+01 5.000000e+00 4.600000e+01
      endloop
   endfacet
   facet normal -1.000000e+00 0.000000e+00 0.000000e+00
      outer loop
         vertex 2.150000e+01 0.000000e+00 4.200000e+01
         vertex 2.150000e+01 2.000000e+00 4.700000e+01
         vertex 2.150000e+01 5.000000e+00 4.600000e+01
      endloop
   endfacet
   facet normal -1.000000e+00 0.000000e+00 0.000000e+00
      outer loop
         vertex 2.150000e+01 5.000000e+00 4.600000e+01
         vertex 2.150000e+01 2.000000e+00 4.700000e+01
         vertex 2.150000e+01 4.000000e+00 4.700000e+01
      endloop
   endfacet
   facet normal -1.000000e+00 0.000000e+00 0.000000e+00
      outer loop
         vertex 2.150000e+01 5.000000e+00 4.600000e+01
         vertex 2.150000e+01 4.000000e+00 4.700000e+01
         vertex 2.150000e+01 4.173648e+00 4.698481e+01
      endloop
   endfacet
   facet normal -1.000000e+00 0.000000e+00 0.000000e+00
      outer loop
         vertex 2.150000e+01 4.342020e+00 4.693969e+01
         vertex 2.150000e+01 4.500000e+00 4.686603e+01
         vertex 2.150000e+01 5.000000e+00 4.600000e+01
      endloop
   endfacet
   facet normal -1.000000e+00 0.000000e+00 0.000000e+00
      outer loop
         vertex 2.150000e+01 5.000000e+00 4.600000e+01
         vertex 2.150000e+01 4.500000e+00 4.686603e+01
         vertex 2.150000e+01 4.642787e+00 4.676604e+01
      endloop
   endfacet
   facet normal -1.000000e+00 0.000000e+00 0.000000e+00
      outer loop
         vertex 2.150000e+01 5.000000e+00 4.600000e+01
         vertex 2.150000e+01 4.642787e+00 4.676604e+01
         vertex 2.150000e+01 4.766045e+00 4.664279e+01
      endloop
   endfacet
   facet normal -1.000000e+00 0.000000e+00 0.000000e+00
      outer loop
         vertex 2.150000e+01 4.766045e+00 4.664279e+01
         vertex 2.150000e+01 4.866025e+00 4.650000e+01
         vertex 2.150000e+01 5.000000e+00 4.600000e+01
      endloop
   endfacet
   facet normal -1.000000e+00 0.000000e+00 0.000000e+00
      outer loop
         vertex 2.150000e+01 5.000000e+00 4.600000e+01
         vertex 2.150000e+01 4.866025e+00 4.650000e+01
         vertex 2.150000e+01 4.939693e+00 4.634202e+01
      endloop
   endfacet
   facet normal -1.000000e+00 0.000000e+00 0.000000e+00
      outer loop
         vertex 2.150000e+01 5.000000e+00 4.600000e+01
         vertex 2.150000e+01 4.939693e+00 4.634202e+01
         vertex 2.150000e+01 4.984808e+00 4.617365e+01
      endloop
   endfacet
   facet normal 0.000000e+00 0.000000e+00 1.000000e+00
      outer loop
         vertex 4.850000e+01 4.000000e+00 4.800000e+01
         vertex 2.250000e+01 4.000000e+00 4.800000e+01
         vertex 4.850000e+01 2.000000e+00 4.800000e+01
      endloop
   endfacet
   facet normal 0.000000e+00 0.000000e+00 1.000000e+00
      outer loop
         vertex 4.850000e+01 2.000000e+00 4.800000e+01
         vertex 2.250000e+01 4.000000e+00 4.800000e+01
         vertex 2.250000e+01 2.000000e+00 4.800000e+01
      endloop
   endfacet
   facet normal 0.000000e+00 0.000000e+00 1.000000e+00
      outer loop
         vertex 4.850000e+01 2.000000e+00 4.800000e+01
         vertex 2.250000e+01 2.000000e+00 4.800000e+01
         vertex 4.850000e+01 0.000000e+00 4.800000e+01
      endloop
   endfacet
   facet normal 0.000000e+00 0.000000e+00 1.000000e+00
      outer loop
         vertex 4.850000e+01 0.000000e+00 4.800000e+01
         vertex 2.250000e+01 2.000000e+00 4.800000e+01
         vertex 2.250000e+01 0.000000e+00 4.800000e+01
      endloop
   endfacet
   facet normal 1.000000e+00 0.000000e+00 0.000000e+00
      outer loop
         vertex 4.950000e+01 2.000000e+00 4.700000e+01
         vertex 4.950000e+01 0.000000e+00 4.700000e+01
         vertex 4.950000e+01 0.000000e+00 4.200000e+01
      endloop
   endfacet
   facet normal 1.000000e+00 0.000000e+00 0.000000e+00
      outer loop
         vertex 4.950000e+01 4.173648e+00 4.698481e+01
         vertex 4.950000e+01 4.000000e+00 4.700000e+01
         vertex 4.950000e+01 5.000000e+00 4.600000e+01
      endloop
   endfacet
   facet normal 1.000000e+00 -0.000000e+00 0.000000e+00
      outer loop
         vertex 4.950000e+01 2.000000e+00 4.700000e+01
         vertex 4.950000e+01 0.000000e+00 4.200000e+01
         vertex 4.950000e+01 4.000000e+00 4.700000e+01
      endloop
   endfacet
   facet normal 1.000000e+00 0.000000e+00 0.000000e+00
      outer loop
         vertex 4.950000e+01 4.000000e+00 4.700000e+01
         vertex 4.950000e+01 0.000000e+00 4.200000e+01
         vertex 4.950000e+01 5.000000e+00 4.200000e+01
      endloop
   endfacet
   facet normal 1.000000e+00 0.000000e+00 0.000000e+00
      outer loop
         vertex 4.950000e+01 4.000000e+00 4.700000e+01
         vertex 4.950000e+01 5.000000e+00 4.200000e+01
         vertex 4.950000e+01 5.000000e+00 4.600000e+01
      endloop
   endfacet
   facet normal 1.000000e+00 0.000000e+00 0.000000e+00
      outer loop
         vertex 4.950000e+01 4.984808e+00 4.617365e+01
         vertex 4.950000e+01 4.939693e+00 4.634202e+01
         vertex 4.950000e+01 4.866025e+00 4.650000e+01
      endloop
   endfacet
   facet normal 1.000000e+00 0.000000e+00 0.000000e+00
      outer loop
         vertex 4.950000e+01 4.642787e+00 4.676604e+01
         vertex 4.950000e+01 4.500000e+00 4.686603e+01
         vertex 4.950000e+01 5.000000e+00 4.600000e+01
      endloop
   endfacet
   facet normal 1.000000e+00 0.000000e+00 0.000000e+00
      outer loop
         vertex 4.950000e+01 5.000000e+00 4.600000e+01
         vertex 4.950000e+01 4.500000e+00 4.686603e+01
         vertex 4.950000e+01 4.342020e+00 4.693969e+01
      endloop
   endfacet
   facet normal 1.000000e+00 0.000000e+00 0.000000e+00
      outer loop
         vertex 4.950000e+01 5.000000e+00 4.600000e+01
         vertex 4.950000e+01 4.342020e+00 4.693969e+01
         vertex 4.950000e+01 4.173648e+00 4.698481e+01
      endloop
   endfacet
   facet normal 1.000000e+00 0.000000e+00 0.000000e+00
      outer loop
         vertex 4.950000e+01 4.984808e+00 4.617365e+01
         vertex 4.950000e+01 4.866025e+00 4.650000e+01
         vertex 4.950000e+01 5.000000e+00 4.600000e+01
      endloop
   endfacet
   facet normal 1.000000e+00 0.000000e+00 0.000000e+00
      outer loop
         vertex 4.950000e+01 5.000000e+00 4.600000e+01
         vertex 4.950000e+01 4.866025e+00 4.650000e+01
         vertex 4.950000e+01 4.766045e+00 4.664279e+01
      endloop
   endfacet
   facet normal 1.000000e+00 0.000000e+00 0.000000e+00
      outer loop
         vertex 4.950000e+01 5.000000e+00 4.600000e+01
         vertex 4.950000e+01 4.766045e+00 4.664279e+01
         vertex 4.950000e+01 4.642787e+00 4.676604e+01
      endloop
   endfacet
   facet normal -1.000000e+00 0.000000e+00 0.000000e+00
      outer loop
         vertex 4.650000e+01 0.000000e+00 4.500000e+01
         vertex 4.650000e+01 6.000000e+00 4.500000e+01
         vertex 4.650000e+01 0.000000e+00 4.200000e+01
      endloop
   endfacet
   facet normal -1.000000e+00 0.000000e+00 0.000000e+00
      outer loop
         vertex 4.650000e+01 0.000000e+00 4.200000e+01
         vertex 4.650000e+01 6.000000e+00 4.500000e+01
         vertex 4.650000e+01 6.000000e+00 4.200000e+01
      endloop
   endfacet
   facet normal 0.000000e+00 0.000000e+00 -1.000000e+00
      outer loop
         vertex 2.450000e+01 0.000000e+00 4.500000e+01
         vertex 2.450000e+01 6.000000e+00 4.500000e+01
         vertex 4.650000e+01 0.000000e+00 4.500000e+01
      endloop
   endfacet
   facet normal 0.000000e+00 0.000000e+00 -1.000000e+00
      outer loop
         vertex 4.650000e+01 0.000000e+00 4.500000e+01
         vertex 2.450000e+01 6.000000e+00 4.500000e+01
         vertex 4.650000e+01 6.000000e+00 4.500000e+01
      endloop
   endfacet
   facet normal 1.000000e+00 0.000000e+00 0.000000e+00
      outer loop
         vertex 2.450000e+01 0.000000e+00 4.200000e+01
         vertex 2.450000e+01 6.000000e+00 4.200000e+01
         vertex 2.450000e+01 0.000000e+00 4.500000e+01
      endloop
   endfacet
   facet normal 1.000000e+00 -0.000000e+00 0.000000e+00
      outer loop
         vertex 2.450000e+01 0.000000e+00 4.500000e+01
         vertex 2.450000e+01 6.000000e+00 4.200000e+01
         vertex 2.450000e+01 6.000000e+00 4.500000e+01
      endloop
   endfacet
   facet normal 0.000000e+00 1.000000e+00 -0.000000e+00
      outer loop
         vertex 2.450000e+01 6.000000e+00 4.200000e+01
         vertex 2.250000e+01 6.000000e+00 4.200000e+01
         vertex 2.450000e+01 6.000000e+00 4.500000e+01
      endloop
   endfacet
   facet normal 0.000000e+00 1.000000e+00 0.000000e+00
      outer loop
         vertex 2.450000e+01 6.000000e+00 4.500000e+01
         vertex 2.250000e+01 6.000000e+00 4.200000e+01
         vertex 2.250000e+01 6.000000e+00 4.600000e+01
      endloop
   endfacet
   facet normal 0.000000e+00 1.000000e+00 -0.000000e+00
      outer loop
         vertex 2.450000e+01 6.000000e+00 4.500000e+01
         vertex 2.250000e+01 6.000000e+00 4.600000e+01
         vertex 4.650000e+01 6.000000e+00 4.500000e+01
      endloop
   endfacet
   facet normal 0.000000e+00 1.000000e+00 -0.000000e+00
      outer loop
         vertex 4.650000e+01 6.000000e+00 4.500000e+01
         vertex 2.250000e+01 6.000000e+00 4.600000e+01
         vertex 4.850000e+01 6.000000e+00 4.600000e+01
      endloop
   endfacet
   facet normal -0.000000e+00 1.000000e+00 0.000000e+00
      outer loop
         vertex 4.650000e+01 6.000000e+00 4.500000e+01
         vertex 4.850000e+01 6.000000e+00 4.600000e+01
         vertex 4.650000e+01 6.000000e+00 4.200000e+01
      endloop
   endfacet
   facet normal 0.000000e+00 1.000000e+00 0.000000e+00
      outer loop
         vertex 4.650000e+01 6.000000e+00 4.200000e+01
         vertex 4.850000e+01 6.000000e+00 4.600000e+01
         vertex 4.850000e+01 6.000000e+00 4.200000e+01
      endloop
   endfacet
   facet normal -1.000000e+00 0.000000e+00 0.000000e+00
      outer loop
         vertex 2.150000e+01 2.000000e+00 1.000000e+00
         vertex 2.150000e+01 0.000000e+00 1.000000e+00
         vertex 2.150000e+01 0.000000e+00 6.000001e+00
      endloop
   endfacet
   facet normal -1.000000e+00 -0.000000e+00 0.000000e+00
      outer loop
         vertex 2.150000e+01 4.173648e+00 1.015192e+00
         vertex 2.150000e+01 4.000000e+00 1.000000e+00
         vertex 2.150000e+01 5.000000e+00 2.000000e+00
      endloop
   endfacet
   facet normal -1.000000e+00 0.000000e+00 0.000000e+00
      outer loop
         vertex 2.150000e+01 2.000000e+00 1.000000e+00
         vertex 2.150000e+01 0.000000e+00 6.000001e+00
         vertex 2.150000e+01 4.000000e+00 1.000000e+00
      endloop
   endfacet
   facet normal -1.000000e+00 0.000000e+00 0.000000e+00
      outer loop
         vertex 2.150000e+01 4.000000e+00 1.000000e+00
         vertex 2.150000e+01 0.000000e+00 6.000001e+00
         vertex 2.150000e+01 5.000000e+00 6.000001e+00
      endloop
   endfacet
   facet normal -1.000000e+00 0.000000e+00 0.000000e+00
      outer loop
         vertex 2.150000e+01 4.000000e+00 1.000000e+00
         vertex 2.150000e+01 5.000000e+00 6.000001e+00
         vertex 2.150000e+01 5.000000e+00 2.000000e+00
      endloop
   endfacet
   facet normal -1.000000e+00 0.000000e+00 0.000000e+00
      outer loop
         vertex 2.150000e+01 4.984808e+00 1.826352e+00
         vertex 2.150000e+01 4.939693e+00 1.657980e+00
         vertex 2.150000e+01 4.866025e+00 1.499999e+00
      endloop
   endfacet
   facet normal -1.000000e+00 -0.000000e+00 0.000000e+00
      outer loop
         vertex 2.150000e+01 4.642787e+00 1.233956e+00
         vertex 2.150000e+01 4.500000e+00 1.133975e+00
         vertex 2.150000e+01 5.000000e+00 2.000000e+00
      endloop
   endfacet
   facet normal -1.000000e+00 0.000000e+00 0.000000e+00
      outer loop
         vertex 2.150000e+01 5.000000e+00 2.000000e+00
         vertex 2.150000e+01 4.500000e+00 1.133975e+00
         vertex 2.150000e+01 4.342020e+00 1.060307e+00
      endloop
   endfacet
   facet normal -1.000000e+00 0.000000e+00 0.000000e+00
      outer loop
         vertex 2.150000e+01 5.000000e+00 2.000000e+00
         vertex 2.150000e+01 4.342020e+00 1.060307e+00
         vertex 2.150000e+01 4.173648e+00 1.015192e+00
      endloop
   endfacet
   facet normal -1.000000e+00 -0.000000e+00 0.000000e+00
      outer loop
         vertex 2.150000e+01 4.984808e+00 1.826352e+00
         vertex 2.150000e+01 4.866025e+00 1.499999e+00
         vertex 2.150000e+01 5.000000e+00 2.000000e+00
      endloop
   endfacet
   facet normal -1.000000e+00 0.000000e+00 0.000000e+00
      outer loop
         vertex 2.150000e+01 5.000000e+00 2.000000e+00
         vertex 2.150000e+01 4.866025e+00 1.499999e+00
         vertex 2.150000e+01 4.766045e+00 1.357213e+00
      endloop
   endfacet
   facet normal -1.000000e+00 0.000000e+00 0.000000e+00
      outer loop
         vertex 2.150000e+01 5.000000e+00 2.000000e+00
         vertex 2.150000e+01 4.766045e+00 1.357213e+00
         vertex 2.150000e+01 4.642787e+00 1.233956e+00
      endloop
   endfacet
   facet normal 1.000000e+00 0.000000e+00 0.000000e+00
      outer loop
         vertex 2.450000e+01 0.000000e+00 3.000000e+00
         vertex 2.450000e+01 6.000000e+00 3.000000e+00
         vertex 2.450000e+01 0.000000e+00 6.000001e+00
      endloop
   endfacet
   facet normal 1.000000e+00 -0.000000e+00 0.000000e+00
      outer loop
         vertex 2.450000e+01 0.000000e+00 6.000001e+00
         vertex 2.450000e+01 6.000000e+00 3.000000e+00
         vertex 2.450000e+01 6.000000e+00 6.000001e+00
      endloop
   endfacet
   facet normal 0.000000e+00 -0.000000e+00 1.000000e+00
      outer loop
         vertex 4.650000e+01 0.000000e+00 3.000000e+00
         vertex 4.650000e+01 6.000000e+00 3.000000e+00
         vertex 2.450000e+01 0.000000e+00 3.000000e+00
      endloop
   endfacet
   facet normal 0.000000e+00 0.000000e+00 1.000000e+00
      outer loop
         vertex 2.450000e+01 0.000000e+00 3.000000e+00
         vertex 4.650000e+01 6.000000e+00 3.000000e+00
         vertex 2.450000e+01 6.000000e+00 3.000000e+00
      endloop
   endfacet
   facet normal -1.000000e+00 0.000000e+00 0.000000e+00
      outer loop
         vertex 4.650000e+01 0.000000e+00 6.000001e+00
         vertex 4.650000e+01 6.000000e+00 6.000001e+00
         vertex 4.650000e+01 0.000000e+00 3.000000e+00
      endloop
   endfacet
   facet normal -1.000000e+00 0.000000e+00 0.000000e+00
      outer loop
         vertex 4.650000e+01 0.000000e+00 3.000000e+00
         vertex 4.650000e+01 6.000000e+00 6.000001e+00
         vertex 4.650000e+01 6.000000e+00 3.000000e+00
      endloop
   endfacet
   facet normal 1.000000e+00 0.000000e+00 -0.000000e+00
      outer loop
         vertex 4.950000e+01 5.000000e+00 2.000000e+00
         vertex 4.950000e+01 5.000000e+00 6.000001e+00
         vertex 4.950000e+01 0.000000e+00 6.000001e+00
      endloop
   endfacet
   facet normal 1.000000e+00 0.000000e+00 0.000000e+00
      outer loop
         vertex 4.950000e+01 0.000000e+00 6.000001e+00
         vertex 4.950000e+01 0.000000e+00 1.000000e+00
         vertex 4.950000e+01 2.000000e+00 1.000000e+00
      endloop
   endfacet
   facet normal 1.000000e+00 0.000000e+00 0.000000e+00
      outer loop
         vertex 4.950000e+01 4.173648e+00 1.015192e+00
         vertex 4.950000e+01 4.342020e+00 1.060307e+00
         vertex 4.950000e+01 5.000000e+00 2.000000e+00
      endloop
   endfacet
   facet normal 1.000000e+00 0.000000e+00 0.000000e+00
      outer loop
         vertex 4.950000e+01 0.000000e+00 6.000001e+00
         vertex 4.950000e+01 2.000000e+00 1.000000e+00
         vertex 4.950000e+01 5.000000e+00 2.000000e+00
      endloop
   endfacet
   facet normal 1.000000e+00 0.000000e+00 0.000000e+00
      outer loop
         vertex 4.950000e+01 5.000000e+00 2.000000e+00
         vertex 4.950000e+01 2.000000e+00 1.000000e+00
         vertex 4.950000e+01 4.000000e+00 1.000000e+00
      endloop
   endfacet
   facet normal 1.000000e+00 0.000000e+00 0.000000e+00
      outer loop
         vertex 4.950000e+01 5.000000e+00 2.000000e+00
         vertex 4.950000e+01 4.000000e+00 1.000000e+00
         vertex 4.950000e+01 4.173648e+00 1.015192e+00
      endloop
   endfacet
   facet normal 1.000000e+00 0.000000e+00 0.000000e+00
      outer loop
         vertex 4.950000e+01 4.342020e+00 1.060307e+00
         vertex 4.950000e+01 4.500000e+00 1.133975e+00
         vertex 4.950000e+01 5.000000e+00 2.000000e+00
      endloop
   endfacet
   facet normal 1.000000e+00 0.000000e+00 0.000000e+00
      outer loop
         vertex 4.950000e+01 5.000000e+00 2.000000e+00
         vertex 4.950000e+01 4.500000e+00 1.133975e+00
         vertex 4.950000e+01 4.642787e+00 1.233956e+00
      endloop
   endfacet
   facet normal 1.000000e+00 0.000000e+00 0.000000e+00
      outer loop
         vertex 4.950000e+01 5.000000e+00 2.000000e+00
         vertex 4.950000e+01 4.642787e+00 1.233956e+00
         vertex 4.950000e+01 4.766045e+00 1.357213e+00
      endloop
   endfacet
   facet normal 1.000000e+00 0.000000e+00 0.000000e+00
      outer loop
         vertex 4.950000e+01 4.766045e+00 1.357213e+00
         vertex 4.950000e+01 4.866025e+00 1.499999e+00
         vertex 4.950000e+01 5.000000e+00 2.000000e+00
      endloop
   endfacet
   facet normal 1.000000e+00 0.000000e+00 0.000000e+00
      outer loop
         vertex 4.950000e+01 5.000000e+00 2.000000e+00
         vertex 4.950000e+01 4.866025e+00 1.499999e+00
         vertex 4.950000e+01 4.939693e+00 1.657980e+00
      endloop
   endfacet
   facet normal 1.000000e+00 0.000000e+00 0.000000e+00
      outer loop
         vertex 4.950000e+01 5.000000e+00 2.000000e+00
         vertex 4.950000e+01 4.939693e+00 1.657980e+00
         vertex 4.950000e+01 4.984808e+00 1.826352e+00
      endloop
   endfacet
   facet normal 0.000000e+00 0.000000e+00 -1.000000e+00
      outer loop
         vertex 4.850000e+01 0.000000e+00 0.000000e+00
         vertex 2.250000e+01 0.000000e+00 0.000000e+00
         vertex 4.850000e+01 2.000000e+00 0.000000e+00
      endloop
   endfacet
   facet normal -0.000000e+00 0.000000e+00 -1.000000e+00
      outer loop
         vertex 4.850000e+01 2.000000e+00 0.000000e+00
         vertex 2.250000e+01 0.000000e+00 0.000000e+00
         vertex 2.250000e+01 2.000000e+00 0.000000e+00
      endloop
   endfacet
   facet normal 0.000000e+00 0.000000e+00 -1.000000e+00
      outer loop
         vertex 4.850000e+01 2.000000e+00 0.000000e+00
         vertex 2.250000e+01 2.000000e+00 0.000000e+00
         vertex 4.850000e+01 4.000000e+00 0.000000e+00
      endloop
   endfacet
   facet normal -0.000000e+00 0.000000e+00 -1.000000e+00
      outer loop
         vertex 4.850000e+01 4.000000e+00 0.000000e+00
         vertex 2.250000e+01 2.000000e+00 0.000000e+00
         vertex 2.250000e+01 4.000000e+00 0.000000e+00
      endloop
   endfacet
   facet normal -0.000000e+00 1.000000e+00 0.000000e+00
      outer loop
         vertex 4.650000e+01 6.000000e+00 6.000001e+00
         vertex 4.850000e+01 6.000000e+00 6.000001e+00
         vertex 4.650000e+01 6.000000e+00 3.000000e+00
      endloop
   endfacet
   facet normal -0.000000e+00 1.000000e+00 0.000000e+00
      outer loop
         vertex 4.650000e+01 6.000000e+00 3.000000e+00
         vertex 4.850000e+01 6.000000e+00 6.000001e+00
         vertex 4.850000e+01 6.000000e+00 2.000000e+00
      endloop
   endfacet
   facet normal 0.000000e+00 1.000000e+00 0.000000e+00
      outer loop
         vertex 4.650000e+01 6.000000e+00 3.000000e+00
         vertex 4.850000e+01 6.000000e+00 2.000000e+00
         vertex 2.450000e+01 6.000000e+00 3.000000e+00
      endloop
   endfacet
   facet normal 0.000000e+00 1.000000e+00 0.000000e+00
      outer loop
         vertex 2.450000e+01 6.000000e+00 3.000000e+00
         vertex 4.850000e+01 6.000000e+00 2.000000e+00
         vertex 2.250000e+01 6.000000e+00 2.000000e+00
      endloop
   endfacet
   facet normal 0.000000e+00 1.000000e+00 -0.000000e+00
      outer loop
         vertex 2.450000e+01 6.000000e+00 3.000000e+00
         vertex 2.250000e+01 6.000000e+00 2.000000e+00
         vertex 2.450000e+01 6.000000e+00 6.000001e+00
      endloop
   endfacet
   facet normal 0.000000e+00 1.000000e+00 0.000000e+00
      outer loop
         vertex 2.450000e+01 6.000000e+00 6.000001e+00
         vertex 2.250000e+01 6.000000e+00 2.000000e+00
         vertex 2.250000e+01 6.000000e+00 6.000001e+00
      endloop
   endfacet
   facet normal 0.000000e+00 9.961947e-01 8.715562e-02
      outer loop
         vertex 4.850000e+01 6.000000e+00 4.600000e+01
         vertex 2.250000e+01 6.000000e+00 4.600000e+01
         vertex 2.250000e+01 5.969616e+00 4.634730e+01
      endloop
   endfacet
   facet normal 0.000000e+00 9.961947e-01 8.715562e-02
      outer loop
         vertex 4.850000e+01 6.000000e+00 4.600000e+01
         vertex 2.250000e+01 5.969616e+00 4.634730e+01
         vertex 4.850000e+01 5.969616e+00 4.634730e+01
      endloop
   endfacet
   facet normal 0.000000e+00 9.659258e-01 2.588191e-01
      outer loop
         vertex 4.850000e+01 5.969616e+00 4.634730e+01
         vertex 2.250000e+01 5.969616e+00 4.634730e+01
         vertex 2.250000e+01 5.879385e+00 4.668404e+01
      endloop
   endfacet
   facet normal 0.000000e+00 9.659258e-01 2.588191e-01
      outer loop
         vertex 4.850000e+01 5.969616e+00 4.634730e+01
         vertex 2.250000e+01 5.879385e+00 4.668404e+01
         vertex 4.850000e+01 5.879385e+00 4.668404e+01
      endloop
   endfacet
   facet normal 0.000000e+00 9.063078e-01 4.226182e-01
      outer loop
         vertex 4.850000e+01 5.879385e+00 4.668404e+01
         vertex 2.250000e+01 5.879385e+00 4.668404e+01
         vertex 2.250000e+01 5.732051e+00 4.700000e+01
      endloop
   endfacet
   facet normal 0.000000e+00 9.063078e-01 4.226182e-01
      outer loop
         vertex 4.850000e+01 5.879385e+00 4.668404e+01
         vertex 2.250000e+01 5.732051e+00 4.700000e+01
         vertex 4.850000e+01 5.732051e+00 4.700000e+01
      endloop
   endfacet
   facet normal 0.000000e+00 8.191520e-01 5.735765e-01
      outer loop
         vertex 4.850000e+01 5.732051e+00 4.700000e+01
         vertex 2.250000e+01 5.732051e+00 4.700000e+01
         vertex 2.250000e+01 5.532089e+00 4.728558e+01
      endloop
   endfacet
   facet normal 0.000000e+00 8.191520e-01 5.735765e-01
      outer loop
         vertex 4.850000e+01 5.732051e+00 4.700000e+01
         vertex 2.250000e+01 5.532089e+00 4.728558e+01
         vertex 4.850000e+01 5.532089e+00 4.728558e+01
      endloop
   endfacet
   facet normal 0.000000e+00 7.071068e-01 7.071068e-01
      outer loop
         vertex 4.850000e+01 5.532089e+00 4.728558e+01
         vertex 2.250000e+01 5.532089e+00 4.728558e+01
         vertex 2.250000e+01 5.285575e+00 4.753209e+01
      endloop
   endfacet
   facet normal 0.000000e+00 7.071068e-01 7.071068e-01
      outer loop
         vertex 4.850000e+01 5.532089e+00 4.728558e+01
         vertex 2.250000e+01 5.285575e+00 4.753209e+01
         vertex 4.850000e+01 5.285575e+00 4.753209e+01
      endloop
   endfacet
   facet normal 0.000000e+00 5.735774e-01 8.191513e-01
      outer loop
         vertex 4.850000e+01 5.285575e+00 4.753209e+01
         vertex 2.250000e+01 5.285575e+00 4.753209e+01
         vertex 2.250000e+01 5.000000e+00 4.773205e+01
      endloop
   endfacet
   facet normal 0.000000e+00 5.735774e-01 8.191513e-01
      outer loop
         vertex 4.850000e+01 5.285575e+00 4.753209e+01
         vertex 2.250000e+01 5.000000e+00 4.773205e+01
         vertex 4.850000e+01 5.000000e+00 4.773205e+01
      endloop
   endfacet
   facet normal 0.000000e+00 4.226159e-01 9.063089e-01
      outer loop
         vertex 4.850000e+01 5.000000e+00 4.773205e+01
         vertex 2.250000e+01 5.000000e+00 4.773205e+01
         vertex 2.250000e+01 4.684040e+00 4.787938e+01
      endloop
   endfacet
   facet normal 0.000000e+00 4.226159e-01 9.063089e-01
      outer loop
         vertex 4.850000e+01 5.000000e+00 4.773205e+01
         vertex 2.250000e+01 4.684040e+00 4.787938e+01
         vertex 4.850000e+01 4.684040e+00 4.787938e+01
      endloop
   endfacet
   facet normal 0.000000e+00 2.588191e-01 9.659258e-01
      outer loop
         vertex 4.850000e+01 4.684040e+00 4.787938e+01
         vertex 2.250000e+01 4.684040e+00 4.787938e+01
         vertex 2.250000e+01 4.347296e+00 4.796962e+01
      endloop
   endfacet
   facet normal 0.000000e+00 2.588191e-01 9.659258e-01
      outer loop
         vertex 4.850000e+01 4.684040e+00 4.787938e+01
         vertex 2.250000e+01 4.347296e+00 4.796962e+01
         vertex 4.850000e+01 4.347296e+00 4.796962e+01
      endloop
   endfacet
   facet normal 0.000000e+00 8.715815e-02 9.961945e-01
      outer loop
         vertex 4.850000e+01 4.347296e+00 4.796962e+01
         vertex 2.250000e+01 4.347296e+00 4.796962e+01
         vertex 2.250000e+01 4.000000e+00 4.800000e+01
      endloop
   endfacet
   facet normal 0.000000e+00 8.715815e-02 9.961945e-01
      outer loop
         vertex 4.850000e+01 4.347296e+00 4.796962e+01
         vertex 2.250000e+01 4.000000e+00 4.800000e+01
         vertex 4.850000e+01 4.000000e+00 4.800000e+01
      endloop
   endfacet
   facet normal 0.000000e+00 9.961947e-01 -8.715562e-02
      outer loop
         vertex 2.250000e+01 6.000000e+00 2.000000e+00
         vertex 4.850000e+01 6.000000e+00 2.000000e+00
         vertex 4.850000e+01 5.969616e+00 1.652705e+00
      endloop
   endfacet
   facet normal 0.000000e+00 9.961947e-01 -8.715562e-02
      outer loop
         vertex 2.250000e+01 6.000000e+00 2.000000e+00
         vertex 4.850000e+01 5.969616e+00 1.652705e+00
         vertex 2.250000e+01 5.969616e+00 1.652705e+00
      endloop
   endfacet
   facet normal 0.000000e+00 9.659258e-01 -2.588191e-01
      outer loop
         vertex 2.250000e+01 5.969616e+00 1.652705e+00
         vertex 4.850000e+01 5.969616e+00 1.652705e+00
         vertex 4.850000e+01 5.879385e+00 1.315961e+00
      endloop
   endfacet
   facet normal 0.000000e+00 9.659258e-01 -2.588191e-01
      outer loop
         vertex 2.250000e+01 5.969616e+00 1.652705e+00
         vertex 4.850000e+01 5.879385e+00 1.315961e+00
         vertex 2.250000e+01 5.879385e+00 1.315961e+00
      endloop
   endfacet
   facet normal 0.000000e+00 9.063078e-01 -4.226182e-01
      outer loop
         vertex 2.250000e+01 5.879385e+00 1.315961e+00
         vertex 4.850000e+01 5.879385e+00 1.315961e+00
         vertex 4.850000e+01 5.732051e+00 1.000000e+00
      endloop
   endfacet
   facet normal 0.000000e+00 9.063078e-01 -4.226182e-01
      outer loop
         vertex 2.250000e+01 5.879385e+00 1.315961e+00
         vertex 4.850000e+01 5.732051e+00 1.000000e+00
         vertex 2.250000e+01 5.732051e+00 1.000000e+00
      endloop
   endfacet
   facet normal 0.000000e+00 8.191520e-01 -5.735765e-01
      outer loop
         vertex 2.250000e+01 5.732051e+00 1.000000e+00
         vertex 4.850000e+01 5.732051e+00 1.000000e+00
         vertex 4.850000e+01 5.532089e+00 7.144250e-01
      endloop
   endfacet
   facet normal 0.000000e+00 8.191520e-01 -5.735765e-01
      outer loop
         vertex 2.250000e+01 5.732051e+00 1.000000e+00
         vertex 4.850000e+01 5.532089e+00 7.144250e-01
         vertex 2.250000e+01 5.532089e+00 7.144250e-01
      endloop
   endfacet
   facet normal 0.000000e+00 7.071068e-01 -7.071068e-01
      outer loop
         vertex 2.250000e+01 5.532089e+00 7.144250e-01
         vertex 4.850000e+01 5.532089e+00 7.144250e-01
         vertex 4.850000e+01 5.285575e+00 4.679114e-01
      endloop
   endfacet
   facet normal 0.000000e+00 7.071068e-01 -7.071068e-01
      outer loop
         vertex 2.250000e+01 5.532089e+00 7.144250e-01
         vertex 4.850000e+01 5.285575e+00 4.679114e-01
         vertex 2.250000e+01 5.285575e+00 4.679114e-01
      endloop
   endfacet
   facet normal 0.000000e+00 5.735774e-01 -8.191513e-01
      outer loop
         vertex 2.250000e+01 5.285575e+00 4.679114e-01
         vertex 4.850000e+01 5.285575e+00 4.679114e-01
         vertex 4.850000e+01 5.000000e+00 2.679490e-01
      endloop
   endfacet
   facet normal 0.000000e+00 5.735774e-01 -8.191513e-01
      outer loop
         vertex 2.250000e+01 5.285575e+00 4.679114e-01
         vertex 4.850000e+01 5.000000e+00 2.679490e-01
         vertex 2.250000e+01 5.000000e+00 2.679490e-01
      endloop
   endfacet
   facet normal 0.000000e+00 4.226159e-01 -9.063089e-01
      outer loop
         vertex 2.250000e+01 5.000000e+00 2.679490e-01
         vertex 4.850000e+01 5.000000e+00 2.679490e-01
         vertex 4.850000e+01 4.684040e+00 1.206156e-01
      endloop
   endfacet
   facet normal 0.000000e+00 4.226159e-01 -9.063089e-01
      outer loop
         vertex 2.250000e+01 5.000000e+00 2.679490e-01
         vertex 4.850000e+01 4.684040e+00 1.206156e-01
         vertex 2.250000e+01 4.684040e+00 1.206156e-01
      endloop
   endfacet
   facet normal 0.000000e+00 2.588191e-01 -9.659258e-01
      outer loop
         vertex 2.250000e+01 4.684040e+00 1.206156e-01
         vertex 4.850000e+01 4.684040e+00 1.206156e-01
         vertex 4.850000e+01 4.347296e+00 3.038533e-02
      endloop
   endfacet
   facet normal 0.000000e+00 2.588191e-01 -9.659258e-01
      outer loop
         vertex 2.250000e+01 4.684040e+00 1.206156e-01
         vertex 4.850000e+01 4.347296e+00 3.038533e-02
         vertex 2.250000e+01 4.347296e+00 3.038533e-02
      endloop
   endfacet
   facet normal 0.000000e+00 8.715815e-02 -9.961945e-01
      outer loop
         vertex 2.250000e+01 4.347296e+00 3.038533e-02
         vertex 4.850000e+01 4.347296e+00 3.038533e-02
         vertex 4.850000e+01 4.000000e+00 0.000000e+00
      endloop
   endfacet
   facet normal 0.000000e+00 8.715815e-02 -9.961945e-01
      outer loop
         vertex 2.250000e+01 4.347296e+00 3.038533e-02
         vertex 4.850000e+01 4.000000e+00 0.000000e+00
         vertex 2.250000e+01 4.000000e+00 0.000000e+00
      endloop
   endfacet
   facet normal -8.715562e-02 9.961947e-01 0.000000e+00
      outer loop
         vertex 2.250000e+01 6.000000e+00 6.000001e+00
         vertex 2.250000e+01 6.000000e+00 2.000000e+00
         vertex 2.232635e+01 5.984808e+00 2.000000e+00
      endloop
   endfacet
   facet normal -8.715562e-02 9.961947e-01 0.000000e+00
      outer loop
         vertex 2.250000e+01 6.000000e+00 6.000001e+00
         vertex 2.232635e+01 5.984808e+00 2.000000e+00
         vertex 2.232635e+01 5.984808e+00 6.000001e+00
      endloop
   endfacet
   facet normal -2.588191e-01 9.659258e-01 0.000000e+00
      outer loop
         vertex 2.232635e+01 5.984808e+00 6.000001e+00
         vertex 2.232635e+01 5.984808e+00 2.000000e+00
         vertex 2.215798e+01 5.939693e+00 2.000000e+00
      endloop
   endfacet
   facet normal -2.588191e-01 9.659258e-01 0.000000e+00
      outer loop
         vertex 2.232635e+01 5.984808e+00 6.000001e+00
         vertex 2.215798e+01 5.939693e+00 2.000000e+00
         vertex 2.215798e+01 5.939693e+00 6.000001e+00
      endloop
   endfacet
   facet normal -4.226171e-01 9.063083e-01 0.000000e+00
      outer loop
         vertex 2.215798e+01 5.939693e+00 6.000001e+00
         vertex 2.215798e+01 5.939693e+00 2.000000e+00
         vertex 2.200000e+01 5.866026e+00 2.000000e+00
      endloop
   endfacet
   facet normal -4.226171e-01 9.063083e-01 0.000000e+00
      outer loop
         vertex 2.215798e+01 5.939693e+00 6.000001e+00
         vertex 2.200000e+01 5.866026e+00 2.000000e+00
         vertex 2.200000e+01 5.866026e+00 6.000001e+00
      endloop
   endfacet
   facet normal -5.735774e-01 8.191513e-01 0.000000e+00
      outer loop
         vertex 2.200000e+01 5.866026e+00 6.000001e+00
         vertex 2.200000e+01 5.866026e+00 2.000000e+00
         vertex 2.185721e+01 5.766044e+00 2.000000e+00
      endloop
   endfacet
   facet normal -5.735774e-01 8.191513e-01 0.000000e+00
      outer loop
         vertex 2.200000e+01 5.866026e+00 6.000001e+00
         vertex 2.185721e+01 5.766044e+00 2.000000e+00
         vertex 2.185721e+01 5.766044e+00 6.000001e+00
      endloop
   endfacet
   facet normal -7.071068e-01 7.071068e-01 0.000000e+00
      outer loop
         vertex 2.185721e+01 5.766044e+00 6.000001e+00
         vertex 2.185721e+01 5.766044e+00 2.000000e+00
         vertex 2.173396e+01 5.642788e+00 2.000000e+00
      endloop
   endfacet
   facet normal -7.071068e-01 7.071068e-01 0.000000e+00
      outer loop
         vertex 2.185721e+01 5.766044e+00 6.000001e+00
         vertex 2.173396e+01 5.642788e+00 2.000000e+00
         vertex 2.173396e+01 5.642788e+00 6.000001e+00
      endloop
   endfacet
   facet normal -8.191538e-01 5.735739e-01 0.000000e+00
      outer loop
         vertex 2.173396e+01 5.642788e+00 6.000001e+00
         vertex 2.173396e+01 5.642788e+00 2.000000e+00
         vertex 2.163398e+01 5.500000e+00 2.000000e+00
      endloop
   endfacet
   facet normal -8.191538e-01 5.735739e-01 0.000000e+00
      outer loop
         vertex 2.173396e+01 5.642788e+00 6.000001e+00
         vertex 2.163398e+01 5.500000e+00 2.000000e+00
         vertex 2.163398e+01 5.500000e+00 6.000001e+00
      endloop
   endfacet
   facet normal -9.063068e-01 4.226203e-01 0.000000e+00
      outer loop
         vertex 2.163398e+01 5.500000e+00 6.000001e+00
         vertex 2.163398e+01 5.500000e+00 2.000000e+00
         vertex 2.156031e+01 5.342020e+00 2.000000e+00
      endloop
   endfacet
   facet normal -9.063068e-01 4.226203e-01 0.000000e+00
      outer loop
         vertex 2.163398e+01 5.500000e+00 6.000001e+00
         vertex 2.156031e+01 5.342020e+00 2.000000e+00
         vertex 2.156031e+01 5.342020e+00 6.000001e+00
      endloop
   endfacet
   facet normal -9.659258e-01 2.588191e-01 0.000000e+00
      outer loop
         vertex 2.156031e+01 5.342020e+00 6.000001e+00
         vertex 2.156031e+01 5.342020e+00 2.000000e+00
         vertex 2.151519e+01 5.173648e+00 2.000000e+00
      endloop
   endfacet
   facet normal -9.659258e-01 2.588191e-01 0.000000e+00
      outer loop
         vertex 2.156031e+01 5.342020e+00 6.000001e+00
         vertex 2.151519e+01 5.173648e+00 2.000000e+00
         vertex 2.151519e+01 5.173648e+00 6.000001e+00
      endloop
   endfacet
   facet normal -9.961945e-01 8.715804e-02 0.000000e+00
      outer loop
         vertex 2.151519e+01 5.173648e+00 6.000001e+00
         vertex 2.151519e+01 5.173648e+00 2.000000e+00
         vertex 2.150000e+01 5.000000e+00 2.000000e+00
      endloop
   endfacet
   facet normal -9.961945e-01 8.715804e-02 0.000000e+00
      outer loop
         vertex 2.151519e+01 5.173648e+00 6.000001e+00
         vertex 2.150000e+01 5.000000e+00 2.000000e+00
         vertex 2.150000e+01 5.000000e+00 6.000001e+00
      endloop
   endfacet
   facet normal -9.961656e-01 7.624853e-03 -8.715527e-02
      outer loop
         vertex 2.150000e+01 4.000000e+00 1.000000e+00
         vertex 2.150000e+01 4.173648e+00 1.015192e+00
         vertex 2.151519e+01 4.000000e+00 8.263513e-01
      endloop
   endfacet
   facet normal -9.961655e-01 7.625471e-03 -8.715583e-02
      outer loop
         vertex 2.151519e+01 4.000000e+00 8.263513e-01
         vertex 2.150000e+01 4.173648e+00 1.015192e+00
         vertex 2.151519e+01 4.203802e+00 8.441824e-01
      endloop
   endfacet
   facet normal -9.656783e-01 2.263889e-02 -2.587527e-01
      outer loop
         vertex 2.151519e+01 4.000000e+00 8.263513e-01
         vertex 2.151519e+01 4.203802e+00 8.441824e-01
         vertex 2.156031e+01 4.000000e+00 6.579794e-01
      endloop
   endfacet
   facet normal -9.656785e-01 2.263810e-02 -2.587519e-01
      outer loop
         vertex 2.156031e+01 4.000000e+00 6.579794e-01
         vertex 2.151519e+01 4.203802e+00 8.441824e-01
         vertex 2.156031e+01 4.233039e+00 6.783679e-01
      endloop
   endfacet
   facet normal -9.056865e-01 3.694990e-02 -4.223348e-01
      outer loop
         vertex 2.156031e+01 4.000000e+00 6.579794e-01
         vertex 2.156031e+01 4.233039e+00 6.783679e-01
         vertex 2.163398e+01 4.000000e+00 5.000010e-01
      endloop
   endfacet
   facet normal -9.056875e-01 3.694808e-02 -4.223328e-01
      outer loop
         vertex 2.163398e+01 4.000000e+00 5.000010e-01
         vertex 2.156031e+01 4.233039e+00 6.783679e-01
         vertex 2.163398e+01 4.260472e+00 5.227886e-01
      endloop
   endfacet
   facet normal -8.181262e-01 5.011623e-02 -5.728506e-01
      outer loop
         vertex 2.163398e+01 4.000000e+00 5.000010e-01
         vertex 2.163398e+01 4.260472e+00 5.227886e-01
         vertex 2.173396e+01 4.000000e+00 3.572125e-01
      endloop
   endfacet
   facet normal -8.181248e-01 5.011803e-02 -5.728525e-01
      outer loop
         vertex 2.173396e+01 4.000000e+00 3.572125e-01
         vertex 2.163398e+01 4.260472e+00 5.227886e-01
         vertex 2.173396e+01 4.285267e+00 3.821701e-01
      endloop
   endfacet
   facet normal -7.057576e-01 6.174569e-02 -7.057576e-01
      outer loop
         vertex 2.173396e+01 4.000000e+00 3.572125e-01
         vertex 2.173396e+01 4.285267e+00 3.821701e-01
         vertex 2.185721e+01 4.000000e+00 2.339557e-01
      endloop
   endfacet
   facet normal -7.057592e-01 6.174424e-02 -7.057561e-01
      outer loop
         vertex 2.185721e+01 4.000000e+00 2.339557e-01
         vertex 2.173396e+01 4.285267e+00 3.821701e-01
         vertex 2.185721e+01 4.306670e+00 2.607852e-01
      endloop
   endfacet
   facet normal -5.721102e-01 7.148149e-02 -8.170559e-01
      outer loop
         vertex 2.185721e+01 4.000000e+00 2.339557e-01
         vertex 2.185721e+01 4.306670e+00 2.607852e-01
         vertex 2.200000e+01 4.000000e+00 1.339745e-01
      endloop
   endfacet
   facet normal -5.721064e-01 7.148422e-02 -8.170583e-01
      outer loop
         vertex 2.200000e+01 4.000000e+00 1.339745e-01
         vertex 2.185721e+01 4.306670e+00 2.607852e-01
         vertex 2.200000e+01 4.324032e+00 1.623239e-01
      endloop
   endfacet
   facet normal -4.212969e-01 7.904449e-02 -9.034716e-01
      outer loop
         vertex 2.200000e+01 4.000000e+00 1.339745e-01
         vertex 2.200000e+01 4.324032e+00 1.623239e-01
         vertex 2.215798e+01 4.000000e+00 6.030686e-02
      endloop
   endfacet
   facet normal -4.212957e-01 7.904525e-02 -9.034721e-01
      outer loop
         vertex 2.215798e+01 4.000000e+00 6.030686e-02
         vertex 2.200000e+01 4.324032e+00 1.623239e-01
         vertex 2.215798e+01 4.336824e+00 8.977577e-02
      endloop
   endfacet
   facet normal -2.578998e-01 8.420919e-02 -9.624950e-01
      outer loop
         vertex 2.215798e+01 4.000000e+00 6.030686e-02
         vertex 2.215798e+01 4.336824e+00 8.977577e-02
         vertex 2.232635e+01 4.000000e+00 1.519173e-02
      endloop
   endfacet
   facet normal -2.578996e-01 8.420927e-02 -9.624950e-01
      outer loop
         vertex 2.232635e+01 4.000000e+00 1.519173e-02
         vertex 2.215798e+01 4.336824e+00 8.977577e-02
         vertex 2.232635e+01 4.344658e+00 4.534610e-02
      endloop
   endfacet
   facet normal -8.682381e-02 8.682853e-02 -9.924326e-01
      outer loop
         vertex 2.232635e+01 4.000000e+00 1.519173e-02
         vertex 2.232635e+01 4.344658e+00 4.534610e-02
         vertex 2.250000e+01 4.000000e+00 0.000000e+00
      endloop
   endfacet
   facet normal -8.682285e-02 8.682902e-02 -9.924326e-01
      outer loop
         vertex 2.250000e+01 4.000000e+00 0.000000e+00
         vertex 2.232635e+01 4.344658e+00 4.534610e-02
         vertex 2.250000e+01 4.347296e+00 3.038533e-02
      endloop
   endfacet
   facet normal -9.961655e-01 2.264376e-02 -8.450768e-02
      outer loop
         vertex 2.150000e+01 4.173648e+00 1.015192e+00
         vertex 2.150000e+01 4.342020e+00 1.060307e+00
         vertex 2.151519e+01 4.203802e+00 8.441824e-01
      endloop
   endfacet
   facet normal -9.961655e-01 2.264383e-02 -8.450772e-02
      outer loop
         vertex 2.151519e+01 4.203802e+00 8.441824e-01
         vertex 2.150000e+01 4.342020e+00 1.060307e+00
         vertex 2.151519e+01 4.401411e+00 8.971319e-01
      endloop
   endfacet
   facet normal -9.656785e-01 6.722591e-02 -2.508899e-01
      outer loop
         vertex 2.151519e+01 4.203802e+00 8.441824e-01
         vertex 2.151519e+01 4.401411e+00 8.971319e-01
         vertex 2.156031e+01 4.233039e+00 6.783679e-01
      endloop
   endfacet
   facet normal -9.656786e-01 6.722558e-02 -2.508897e-01
      outer loop
         vertex 2.156031e+01 4.233039e+00 6.783679e-01
         vertex 2.151519e+01 4.401411e+00 8.971319e-01
         vertex 2.156031e+01 4.458998e+00 7.389132e-01
      endloop
   endfacet
   facet normal -9.056876e-01 1.097251e-01 -4.095002e-01
      outer loop
         vertex 2.156031e+01 4.233039e+00 6.783679e-01
         vertex 2.156031e+01 4.458998e+00 7.389132e-01
         vertex 2.163398e+01 4.260472e+00 5.227886e-01
      endloop
   endfacet
   facet normal -9.056884e-01 1.097234e-01 -4.094989e-01
      outer loop
         vertex 2.163398e+01 4.260472e+00 5.227886e-01
         vertex 2.156031e+01 4.458998e+00 7.389132e-01
         vertex 2.163398e+01 4.513030e+00 5.904604e-01
      endloop
   endfacet
   facet normal -8.181248e-01 1.488296e-01 -5.554472e-01
      outer loop
         vertex 2.163398e+01 4.260472e+00 5.227886e-01
         vertex 2.163398e+01 4.513030e+00 5.904604e-01
         vertex 2.173396e+01 4.285267e+00 3.821701e-01
      endloop
   endfacet
   facet normal -8.181230e-01 1.488322e-01 -5.554492e-01
      outer loop
         vertex 2.173396e+01 4.285267e+00 3.821701e-01
         vertex 2.163398e+01 4.513030e+00 5.904604e-01
         vertex 2.173396e+01 4.561867e+00 4.562847e-01
      endloop
   endfacet
   facet normal -7.057591e-01 1.833609e-01 -6.843120e-01
      outer loop
         vertex 2.173396e+01 4.285267e+00 3.821701e-01
         vertex 2.173396e+01 4.561867e+00 4.562847e-01
         vertex 2.185721e+01 4.306670e+00 2.607852e-01
      endloop
   endfacet
   facet normal -7.057562e-01 1.833640e-01 -6.843141e-01
      outer loop
         vertex 2.185721e+01 4.306670e+00 2.607852e-01
         vertex 2.173396e+01 4.561867e+00 4.562847e-01
         vertex 2.185721e+01 4.604023e+00 3.404617e-01
      endloop
   endfacet
   facet normal -5.721065e-01 2.122808e-01 -7.922317e-01
      outer loop
         vertex 2.185721e+01 4.306670e+00 2.607852e-01
         vertex 2.185721e+01 4.604023e+00 3.404617e-01
         vertex 2.200000e+01 4.324032e+00 1.623239e-01
      endloop
   endfacet
   facet normal -5.721107e-01 2.122773e-01 -7.922296e-01
      outer loop
         vertex 2.200000e+01 4.324032e+00 1.623239e-01
         vertex 2.185721e+01 4.604023e+00 3.404617e-01
         vertex 2.200000e+01 4.638218e+00 2.465099e-01
      endloop
   endfacet
   facet normal -4.212956e-01 2.347290e-01 -8.760207e-01
      outer loop
         vertex 2.200000e+01 4.324032e+00 1.623239e-01
         vertex 2.200000e+01 4.638218e+00 2.465099e-01
         vertex 2.215798e+01 4.336824e+00 8.977577e-02
      endloop
   endfacet
   facet normal -4.212979e-01 2.347275e-01 -8.760200e-01
      outer loop
         vertex 2.215798e+01 4.336824e+00 8.977577e-02
         vertex 2.200000e+01 4.638218e+00 2.465099e-01
         vertex 2.215798e+01 4.663414e+00 1.772847e-01
      endloop
   endfacet
   facet normal -2.578997e-01 2.500623e-01 -9.332506e-01
      outer loop
         vertex 2.215798e+01 4.336824e+00 8.977577e-02
         vertex 2.215798e+01 4.663414e+00 1.772847e-01
         vertex 2.232635e+01 4.344658e+00 4.534610e-02
      endloop
   endfacet
   facet normal -2.578968e-01 2.500640e-01 -9.332509e-01
      outer loop
         vertex 2.232635e+01 4.344658e+00 4.534610e-02
         vertex 2.215798e+01 4.663414e+00 1.772847e-01
         vertex 2.232635e+01 4.678844e+00 1.348909e-01
      endloop
   endfacet
   facet normal -8.682282e-02 2.578418e-01 -9.622782e-01
      outer loop
         vertex 2.232635e+01 4.344658e+00 4.534610e-02
         vertex 2.232635e+01 4.678844e+00 1.348909e-01
         vertex 2.250000e+01 4.347296e+00 3.038533e-02
      endloop
   endfacet
   facet normal -8.682311e-02 2.578417e-01 -9.622782e-01
      outer loop
         vertex 2.250000e+01 4.347296e+00 3.038533e-02
         vertex 2.232635e+01 4.678844e+00 1.348909e-01
         vertex 2.250000e+01 4.684040e+00 1.206156e-01
      endloop
   endfacet
   facet normal -9.961655e-01 3.697455e-02 -7.929172e-02
      outer loop
         vertex 2.150000e+01 4.342020e+00 1.060307e+00
         vertex 2.150000e+01 4.500000e+00 1.133975e+00
         vertex 2.151519e+01 4.401411e+00 8.971319e-01
      endloop
   endfacet
   facet normal -9.961656e-01 3.697375e-02 -7.929139e-02
      outer loop
         vertex 2.151519e+01 4.401411e+00 8.971319e-01
         vertex 2.150000e+01 4.500000e+00 1.133975e+00
         vertex 2.151519e+01 4.586824e+00 9.835903e-01
      endloop
   endfacet
   facet normal -9.656786e-01 1.097698e-01 -2.354049e-01
      outer loop
         vertex 2.151519e+01 4.401411e+00 8.971319e-01
         vertex 2.151519e+01 4.586824e+00 9.835903e-01
         vertex 2.156031e+01 4.458998e+00 7.389132e-01
      endloop
   endfacet
   facet normal -9.656780e-01 1.097724e-01 -2.354062e-01
      outer loop
         vertex 2.156031e+01 4.458998e+00 7.389132e-01
         vertex 2.151519e+01 4.586824e+00 9.835903e-01
         vertex 2.156031e+01 4.671010e+00 8.377768e-01
      endloop
   endfacet
   facet normal -9.056884e-01 1.791674e-01 -3.842233e-01
      outer loop
         vertex 2.156031e+01 4.458998e+00 7.389132e-01
         vertex 2.156031e+01 4.671010e+00 8.377768e-01
         vertex 2.163398e+01 4.513030e+00 5.904604e-01
      endloop
   endfacet
   facet normal -9.056884e-01 1.791675e-01 -3.842233e-01
      outer loop
         vertex 2.163398e+01 4.513030e+00 5.904604e-01
         vertex 2.156031e+01 4.671010e+00 8.377768e-01
         vertex 2.163398e+01 4.750000e+00 7.009618e-01
      endloop
   endfacet
   facet normal -8.181230e-01 2.430252e-01 -5.211656e-01
      outer loop
         vertex 2.163398e+01 4.513030e+00 5.904604e-01
         vertex 2.163398e+01 4.750000e+00 7.009618e-01
         vertex 2.173396e+01 4.561867e+00 4.562847e-01
      endloop
   endfacet
   facet normal -8.181238e-01 2.430239e-01 -5.211649e-01
      outer loop
         vertex 2.173396e+01 4.561867e+00 4.562847e-01
         vertex 2.163398e+01 4.750000e+00 7.009618e-01
         vertex 2.173396e+01 4.821394e+00 5.773045e-01
      endloop
   endfacet
   facet normal -7.057562e-01 2.994067e-01 -6.420778e-01
      outer loop
         vertex 2.173396e+01 4.561867e+00 4.562847e-01
         vertex 2.173396e+01 4.821394e+00 5.773045e-01
         vertex 2.185721e+01 4.604023e+00 3.404617e-01
      endloop
   endfacet
   facet normal -7.057599e-01 2.994023e-01 -6.420757e-01
      outer loop
         vertex 2.185721e+01 4.604023e+00 3.404617e-01
         vertex 2.173396e+01 4.821394e+00 5.773045e-01
         vertex 2.185721e+01 4.883022e+00 4.705600e-01
      endloop
   endfacet
   facet normal -5.721107e-01 3.466191e-01 -7.433334e-01
      outer loop
         vertex 2.185721e+01 4.604023e+00 3.404617e-01
         vertex 2.185721e+01 4.883022e+00 4.705600e-01
         vertex 2.200000e+01 4.638218e+00 2.465099e-01
      endloop
   endfacet
   facet normal -5.721059e-01 3.466234e-01 -7.433351e-01
      outer loop
         vertex 2.200000e+01 4.638218e+00 2.465099e-01
         vertex 2.185721e+01 4.883022e+00 4.705600e-01
         vertex 2.200000e+01 4.933013e+00 3.839750e-01
      endloop
   endfacet
   facet normal -4.212977e-01 3.832825e-01 -8.219506e-01
      outer loop
         vertex 2.200000e+01 4.638218e+00 2.465099e-01
         vertex 2.200000e+01 4.933013e+00 3.839750e-01
         vertex 2.215798e+01 4.663414e+00 1.772847e-01
      endloop
   endfacet
   facet normal -4.212946e-01 3.832847e-01 -8.219512e-01
      outer loop
         vertex 2.215798e+01 4.663414e+00 1.772847e-01
         vertex 2.200000e+01 4.933013e+00 3.839750e-01
         vertex 2.215798e+01 4.969846e+00 3.201775e-01
      endloop
   endfacet
   facet normal -2.578968e-01 4.083244e-01 -8.756486e-01
      outer loop
         vertex 2.215798e+01 4.663414e+00 1.772847e-01
         vertex 2.215798e+01 4.969846e+00 3.201775e-01
         vertex 2.232635e+01 4.678844e+00 1.348909e-01
      endloop
   endfacet
   facet normal -2.578998e-01 4.083226e-01 -8.756485e-01
      outer loop
         vertex 2.232635e+01 4.678844e+00 1.348909e-01
         vertex 2.215798e+01 4.969846e+00 3.201775e-01
         vertex 2.232635e+01 4.992404e+00 2.811067e-01
      endloop
   endfacet
   facet normal -8.682359e-02 4.210231e-01 -9.028849e-01
      outer loop
         vertex 2.232635e+01 4.678844e+00 1.348909e-01
         vertex 2.232635e+01 4.992404e+00 2.811067e-01
         vertex 2.250000e+01 4.684040e+00 1.206156e-01
      endloop
   endfacet
   facet normal -8.683051e-02 4.210197e-01 -9.028858e-01
      outer loop
         vertex 2.250000e+01 4.684040e+00 1.206156e-01
         vertex 2.232635e+01 4.992404e+00 2.811067e-01
         vertex 2.250000e+01 5.000000e+00 2.679490e-01
      endloop
   endfacet
   facet normal -9.961656e-01 5.018124e-02 -7.166604e-02
      outer loop
         vertex 2.150000e+01 4.500000e+00 1.133975e+00
         vertex 2.150000e+01 4.642787e+00 1.233956e+00
         vertex 2.151519e+01 4.586824e+00 9.835903e-01
      endloop
   endfacet
   facet normal -9.961655e-01 5.018139e-02 -7.166608e-02
      outer loop
         vertex 2.151519e+01 4.586824e+00 9.835903e-01
         vertex 2.150000e+01 4.642787e+00 1.233956e+00
         vertex 2.151519e+01 4.754406e+00 1.100933e+00
      endloop
   endfacet
   facet normal -9.656780e-01 1.489826e-01 -2.127680e-01
      outer loop
         vertex 2.151519e+01 4.586824e+00 9.835903e-01
         vertex 2.151519e+01 4.754406e+00 1.100933e+00
         vertex 2.156031e+01 4.671010e+00 8.377768e-01
      endloop
   endfacet
   facet normal -9.656784e-01 1.489805e-01 -2.127675e-01
      outer loop
         vertex 2.156031e+01 4.671010e+00 8.377768e-01
         vertex 2.151519e+01 4.754406e+00 1.100933e+00
         vertex 2.156031e+01 4.862634e+00 9.719525e-01
      endloop
   endfacet
   facet normal -9.056883e-01 2.431635e-01 -3.472755e-01
      outer loop
         vertex 2.156031e+01 4.671010e+00 8.377768e-01
         vertex 2.156031e+01 4.862634e+00 9.719525e-01
         vertex 2.163398e+01 4.750000e+00 7.009618e-01
      endloop
   endfacet
   facet normal -9.056880e-01 2.431642e-01 -3.472757e-01
      outer loop
         vertex 2.163398e+01 4.750000e+00 7.009618e-01
         vertex 2.156031e+01 4.862634e+00 9.719525e-01
         vertex 2.163398e+01 4.964181e+00 8.509327e-01
      endloop
   endfacet
   facet normal -8.181239e-01 3.298298e-01 -4.710474e-01
      outer loop
         vertex 2.163398e+01 4.750000e+00 7.009618e-01
         vertex 2.163398e+01 4.964181e+00 8.509327e-01
         vertex 2.173396e+01 4.821394e+00 5.773045e-01
      endloop
   endfacet
   facet normal -8.181223e-01 3.298324e-01 -4.710483e-01
      outer loop
         vertex 2.173396e+01 4.821394e+00 5.773045e-01
         vertex 2.163398e+01 4.964181e+00 8.509327e-01
         vertex 2.173396e+01 5.055964e+00 7.415526e-01
      endloop
   endfacet
   facet normal -7.057597e-01 4.063517e-01 -5.803288e-01
      outer loop
         vertex 2.173396e+01 4.821394e+00 5.773045e-01
         vertex 2.173396e+01 5.055964e+00 7.415526e-01
         vertex 2.185721e+01 4.883022e+00 4.705600e-01
      endloop
   endfacet
   facet normal -7.057602e-01 4.063511e-01 -5.803286e-01
      outer loop
         vertex 2.185721e+01 4.883022e+00 4.705600e-01
         vertex 2.173396e+01 5.055964e+00 7.415526e-01
         vertex 2.185721e+01 5.135192e+00 6.471314e-01
      endloop
   endfacet
   facet normal -5.721063e-01 4.704361e-01 -6.718513e-01
      outer loop
         vertex 2.185721e+01 4.883022e+00 4.705600e-01
         vertex 2.185721e+01 5.135192e+00 6.471314e-01
         vertex 2.200000e+01 4.933013e+00 3.839750e-01
      endloop
   endfacet
   facet normal -5.721096e-01 4.704330e-01 -6.718507e-01
      outer loop
         vertex 2.200000e+01 4.933013e+00 3.839750e-01
         vertex 2.185721e+01 5.135192e+00 6.471314e-01
         vertex 2.200000e+01 5.199458e+00 5.705412e-01
      endloop
   endfacet
   facet normal -4.212948e-01 5.201886e-01 -7.429094e-01
      outer loop
         vertex 2.200000e+01 4.933013e+00 3.839750e-01
         vertex 2.200000e+01 5.199458e+00 5.705412e-01
         vertex 2.215798e+01 4.969846e+00 3.201775e-01
      endloop
   endfacet
   facet normal -4.212965e-01 5.201874e-01 -7.429094e-01
      outer loop
         vertex 2.215798e+01 4.969846e+00 3.201775e-01
         vertex 2.200000e+01 5.199458e+00 5.705412e-01
         vertex 2.215798e+01 5.246811e+00 5.141087e-01
      endloop
   endfacet
   facet normal -2.578998e-01 5.541709e-01 -7.914431e-01
      outer loop
         vertex 2.215798e+01 4.969846e+00 3.201775e-01
         vertex 2.215798e+01 5.246811e+00 5.141087e-01
         vertex 2.232635e+01 4.992404e+00 2.811067e-01
      endloop
   endfacet
   facet normal -2.578956e-01 5.541734e-01 -7.914428e-01
      outer loop
         vertex 2.232635e+01 4.992404e+00 2.811067e-01
         vertex 2.215798e+01 5.246811e+00 5.141087e-01
         vertex 2.232635e+01 5.275810e+00 4.795492e-01
      endloop
   endfacet
   facet normal -8.682989e-02 5.714096e-01 -8.160586e-01
      outer loop
         vertex 2.232635e+01 4.992404e+00 2.811067e-01
         vertex 2.232635e+01 5.275810e+00 4.795492e-01
         vertex 2.250000e+01 5.000000e+00 2.679490e-01
      endloop
   endfacet
   facet normal -8.682613e-02 5.714113e-01 -8.160578e-01
      outer loop
         vertex 2.250000e+01 5.000000e+00 2.679490e-01
         vertex 2.232635e+01 5.275810e+00 4.795492e-01
         vertex 2.250000e+01 5.285575e+00 4.679114e-01
      endloop
   endfacet
   facet normal -9.961655e-01 6.186345e-02 -6.186369e-02
      outer loop
         vertex 2.150000e+01 4.642787e+00 1.233956e+00
         vertex 2.150000e+01 4.766045e+00 1.357213e+00
         vertex 2.151519e+01 4.754406e+00 1.100933e+00
      endloop
   endfacet
   facet normal -9.961655e-01 6.186370e-02 -6.186370e-02
      outer loop
         vertex 2.151519e+01 4.754406e+00 1.100933e+00
         vertex 2.150000e+01 4.766045e+00 1.357213e+00
         vertex 2.151519e+01 4.899067e+00 1.245594e+00
      endloop
   endfacet
   facet normal -9.656784e-01 1.836643e-01 -1.836643e-01
      outer loop
         vertex 2.151519e+01 4.754406e+00 1.100933e+00
         vertex 2.151519e+01 4.899067e+00 1.245594e+00
         vertex 2.156031e+01 4.862634e+00 9.719525e-01
      endloop
   endfacet
   facet normal -9.656782e-01 1.836655e-01 -1.836644e-01
      outer loop
         vertex 2.156031e+01 4.862634e+00 9.719525e-01
         vertex 2.151519e+01 4.899067e+00 1.245594e+00
         vertex 2.156031e+01 5.028047e+00 1.137367e+00
      endloop
   endfacet
   facet normal -9.056879e-01 2.997752e-01 -2.997735e-01
      outer loop
         vertex 2.156031e+01 4.862634e+00 9.719525e-01
         vertex 2.156031e+01 5.028047e+00 1.137367e+00
         vertex 2.163398e+01 4.964181e+00 8.509327e-01
      endloop
   endfacet
   facet normal -9.056880e-01 2.997750e-01 -2.997735e-01
      outer loop
         vertex 2.163398e+01 4.964181e+00 8.509327e-01
         vertex 2.156031e+01 5.028047e+00 1.137367e+00
         vertex 2.163398e+01 5.149066e+00 1.035819e+00
      endloop
   endfacet
   facet normal -8.181226e-01 4.066184e-01 -4.066164e-01
      outer loop
         vertex 2.163398e+01 4.964181e+00 8.509327e-01
         vertex 2.163398e+01 5.149066e+00 1.035819e+00
         vertex 2.173396e+01 5.055964e+00 7.415526e-01
      endloop
   endfacet
   facet normal -8.181245e-01 4.066150e-01 -4.066159e-01
      outer loop
         vertex 2.173396e+01 5.055964e+00 7.415526e-01
         vertex 2.163398e+01 5.149066e+00 1.035819e+00
         vertex 2.173396e+01 5.258448e+00 9.440370e-01
      endloop
   endfacet
   facet normal -7.057599e-01 5.009500e-01 -5.009512e-01
      outer loop
         vertex 2.173396e+01 5.055964e+00 7.415526e-01
         vertex 2.173396e+01 5.258448e+00 9.440370e-01
         vertex 2.185721e+01 5.135192e+00 6.471314e-01
      endloop
   endfacet
   facet normal -7.057571e-01 5.009536e-01 -5.009515e-01
      outer loop
         vertex 2.185721e+01 5.135192e+00 6.471314e-01
         vertex 2.173396e+01 5.258448e+00 9.440370e-01
         vertex 2.185721e+01 5.352869e+00 8.648094e-01
      endloop
   endfacet
   facet normal -5.721094e-01 5.799542e-01 -5.799517e-01
      outer loop
         vertex 2.185721e+01 5.135192e+00 6.471314e-01
         vertex 2.185721e+01 5.352869e+00 8.648094e-01
         vertex 2.200000e+01 5.199458e+00 5.705412e-01
      endloop
   endfacet
   facet normal -5.721095e-01 5.799540e-01 -5.799517e-01
      outer loop
         vertex 2.200000e+01 5.199458e+00 5.705412e-01
         vertex 2.185721e+01 5.352869e+00 8.648094e-01
         vertex 2.200000e+01 5.429458e+00 8.005425e-01
      endloop
   endfacet
   facet normal -4.212966e-01 6.412927e-01 -6.412901e-01
      outer loop
         vertex 2.200000e+01 5.199458e+00 5.705412e-01
         vertex 2.200000e+01 5.429458e+00 8.005425e-01
         vertex 2.215798e+01 5.246811e+00 5.141087e-01
      endloop
   endfacet
   facet normal -4.212951e-01 6.412937e-01 -6.412899e-01
      outer loop
         vertex 2.215798e+01 5.246811e+00 5.141087e-01
         vertex 2.200000e+01 5.429458e+00 8.005425e-01
         vertex 2.215798e+01 5.485891e+00 7.531904e-01
      endloop
   endfacet
   facet normal -2.578957e-01 6.831893e-01 -6.831853e-01
      outer loop
         vertex 2.215798e+01 5.246811e+00 5.141087e-01
         vertex 2.215798e+01 5.485891e+00 7.531904e-01
         vertex 2.232635e+01 5.275810e+00 4.795492e-01
      endloop
   endfacet
   facet normal -2.578993e-01 6.831873e-01 -6.831860e-01
      outer loop
         vertex 2.232635e+01 5.275810e+00 4.795492e-01
         vertex 2.215798e+01 5.485891e+00 7.531904e-01
         vertex 2.232635e+01 5.520451e+00 7.241908e-01
      endloop
   endfacet
   facet normal -8.682619e-02 7.044370e-01 -7.044357e-01
      outer loop
         vertex 2.232635e+01 5.275810e+00 4.795492e-01
         vertex 2.232635e+01 5.520451e+00 7.241908e-01
         vertex 2.250000e+01 5.285575e+00 4.679114e-01
      endloop
   endfacet
   facet normal -8.682807e-02 7.044363e-01 -7.044363e-01
      outer loop
         vertex 2.250000e+01 5.285575e+00 4.679114e-01
         vertex 2.232635e+01 5.520451e+00 7.241908e-01
         vertex 2.250000e+01 5.532089e+00 7.144250e-01
      endloop
   endfacet
   facet normal -9.961655e-01 7.166625e-02 -5.018148e-02
      outer loop
         vertex 2.150000e+01 4.766045e+00 1.357213e+00
         vertex 2.150000e+01 4.866025e+00 1.499999e+00
         vertex 2.151519e+01 4.899067e+00 1.245594e+00
      endloop
   endfacet
   facet normal -9.961655e-01 7.166645e-02 -5.018145e-02
      outer loop
         vertex 2.151519e+01 4.899067e+00 1.245594e+00
         vertex 2.150000e+01 4.866025e+00 1.499999e+00
         vertex 2.151519e+01 5.016409e+00 1.413176e+00
      endloop
   endfacet
   facet normal -9.656782e-01 2.127677e-01 -1.489817e-01
      outer loop
         vertex 2.151519e+01 4.899067e+00 1.245594e+00
         vertex 2.151519e+01 5.016409e+00 1.413176e+00
         vertex 2.156031e+01 5.028047e+00 1.137367e+00
      endloop
   endfacet
   facet normal -9.656783e-01 2.127673e-01 -1.489818e-01
      outer loop
         vertex 2.156031e+01 5.028047e+00 1.137367e+00
         vertex 2.151519e+01 5.016409e+00 1.413176e+00
         vertex 2.156031e+01 5.162224e+00 1.328990e+00
      endloop
   endfacet
   facet normal -9.056879e-01 3.472750e-01 -2.431654e-01
      outer loop
         vertex 2.156031e+01 5.028047e+00 1.137367e+00
         vertex 2.156031e+01 5.162224e+00 1.328990e+00
         vertex 2.163398e+01 5.149066e+00 1.035819e+00
      endloop
   endfacet
   facet normal -9.056876e-01 3.472760e-01 -2.431654e-01
      outer loop
         vertex 2.163398e+01 5.149066e+00 1.035819e+00
         vertex 2.156031e+01 5.162224e+00 1.328990e+00
         vertex 2.163398e+01 5.299038e+00 1.250001e+00
      endloop
   endfacet
   facet normal -8.181247e-01 4.710458e-01 -3.298300e-01
      outer loop
         vertex 2.163398e+01 5.149066e+00 1.035819e+00
         vertex 2.163398e+01 5.299038e+00 1.250001e+00
         vertex 2.173396e+01 5.258448e+00 9.440370e-01
      endloop
   endfacet
   facet normal -8.181260e-01 4.710435e-01 -3.298301e-01
      outer loop
         vertex 2.173396e+01 5.258448e+00 9.440370e-01
         vertex 2.163398e+01 5.299038e+00 1.250001e+00
         vertex 2.173396e+01 5.422696e+00 1.178605e+00
      endloop
   endfacet
   facet normal -7.057573e-01 5.803302e-01 -4.063540e-01
      outer loop
         vertex 2.173396e+01 5.258448e+00 9.440370e-01
         vertex 2.173396e+01 5.422696e+00 1.178605e+00
         vertex 2.185721e+01 5.352869e+00 8.648094e-01
      endloop
   endfacet
   facet normal -7.057560e-01 5.803319e-01 -4.063538e-01
      outer loop
         vertex 2.185721e+01 5.352869e+00 8.648094e-01
         vertex 2.173396e+01 5.422696e+00 1.178605e+00
         vertex 2.185721e+01 5.529440e+00 1.116978e+00
      endloop
   endfacet
   facet normal -5.721093e-01 6.718494e-01 -4.704353e-01
      outer loop
         vertex 2.185721e+01 5.352869e+00 8.648094e-01
         vertex 2.185721e+01 5.529440e+00 1.116978e+00
         vertex 2.200000e+01 5.429458e+00 8.005425e-01
      endloop
   endfacet
   facet normal -5.721072e-01 6.718514e-01 -4.704350e-01
      outer loop
         vertex 2.200000e+01 5.429458e+00 8.005425e-01
         vertex 2.185721e+01 5.529440e+00 1.116978e+00
         vertex 2.200000e+01 5.616026e+00 1.066988e+00
      endloop
   endfacet
   facet normal -4.212953e-01 7.429085e-01 -5.201897e-01
      outer loop
         vertex 2.200000e+01 5.429458e+00 8.005425e-01
         vertex 2.200000e+01 5.616026e+00 1.066988e+00
         vertex 2.215798e+01 5.485891e+00 7.531904e-01
      endloop
   endfacet
   facet normal -4.212948e-01 7.429088e-01 -5.201896e-01
      outer loop
         vertex 2.215798e+01 5.485891e+00 7.531904e-01
         vertex 2.200000e+01 5.616026e+00 1.066988e+00
         vertex 2.215798e+01 5.679823e+00 1.030155e+00
      endloop
   endfacet
   facet normal -2.578991e-01 7.914421e-01 -5.541728e-01
      outer loop
         vertex 2.215798e+01 5.485891e+00 7.531904e-01
         vertex 2.215798e+01 5.679823e+00 1.030155e+00
         vertex 2.232635e+01 5.520451e+00 7.241908e-01
      endloop
   endfacet
   facet normal -2.579026e-01 7.914402e-01 -5.541738e-01
      outer loop
         vertex 2.232635e+01 5.520451e+00 7.241908e-01
         vertex 2.215798e+01 5.679823e+00 1.030155e+00
         vertex 2.232635e+01 5.718894e+00 1.007596e+00
      endloop
   endfacet
   facet normal -8.682765e-02 8.160577e-01 -5.714112e-01
      outer loop
         vertex 2.232635e+01 5.520451e+00 7.241908e-01
         vertex 2.232635e+01 5.718894e+00 1.007596e+00
         vertex 2.250000e+01 5.532089e+00 7.144250e-01
      endloop
   endfacet
   facet normal -8.682554e-02 8.160585e-01 -5.714105e-01
      outer loop
         vertex 2.250000e+01 5.532089e+00 7.144250e-01
         vertex 2.232635e+01 5.718894e+00 1.007596e+00
         vertex 2.250000e+01 5.732051e+00 1.000000e+00
      endloop
   endfacet
   facet normal -9.961655e-01 7.929162e-02 -3.697416e-02
      outer loop
         vertex 2.150000e+01 4.866025e+00 1.499999e+00
         vertex 2.150000e+01 4.939693e+00 1.657980e+00
         vertex 2.151519e+01 5.016409e+00 1.413176e+00
      endloop
   endfacet
   facet normal -9.961655e-01 7.929162e-02 -3.697416e-02
      outer loop
         vertex 2.151519e+01 5.016409e+00 1.413176e+00
         vertex 2.150000e+01 4.939693e+00 1.657980e+00
         vertex 2.151519e+01 5.102869e+00 1.598589e+00
      endloop
   endfacet
   facet normal -9.656783e-01 2.354056e-01 -1.097710e-01
      outer loop
         vertex 2.151519e+01 5.016409e+00 1.413176e+00
         vertex 2.151519e+01 5.102869e+00 1.598589e+00
         vertex 2.156031e+01 5.162224e+00 1.328990e+00
      endloop
   endfacet
   facet normal -9.656784e-01 2.354051e-01 -1.097711e-01
      outer loop
         vertex 2.156031e+01 5.162224e+00 1.328990e+00
         vertex 2.151519e+01 5.102869e+00 1.598589e+00
         vertex 2.156031e+01 5.261086e+00 1.541002e+00
      endloop
   endfacet
   facet normal -9.056877e-01 3.842252e-01 -1.791670e-01
      outer loop
         vertex 2.156031e+01 5.162224e+00 1.328990e+00
         vertex 2.156031e+01 5.261086e+00 1.541002e+00
         vertex 2.163398e+01 5.299038e+00 1.250001e+00
      endloop
   endfacet
   facet normal -9.056876e-01 3.842254e-01 -1.791670e-01
      outer loop
         vertex 2.163398e+01 5.299038e+00 1.250001e+00
         vertex 2.156031e+01 5.261086e+00 1.541002e+00
         vertex 2.163398e+01 5.409539e+00 1.486970e+00
      endloop
   endfacet
   facet normal -8.181257e-01 5.211629e-01 -2.430219e-01
      outer loop
         vertex 2.163398e+01 5.299038e+00 1.250001e+00
         vertex 2.163398e+01 5.409539e+00 1.486970e+00
         vertex 2.173396e+01 5.422696e+00 1.178605e+00
      endloop
   endfacet
   facet normal -8.181251e-01 5.211639e-01 -2.430216e-01
      outer loop
         vertex 2.173396e+01 5.422696e+00 1.178605e+00
         vertex 2.163398e+01 5.409539e+00 1.486970e+00
         vertex 2.173396e+01 5.543715e+00 1.438133e+00
      endloop
   endfacet
   facet normal -7.057564e-01 6.420785e-01 -2.994047e-01
      outer loop
         vertex 2.173396e+01 5.422696e+00 1.178605e+00
         vertex 2.173396e+01 5.543715e+00 1.438133e+00
         vertex 2.185721e+01 5.529440e+00 1.116978e+00
      endloop
   endfacet
   facet normal -7.057563e-01 6.420785e-01 -2.994047e-01
      outer loop
         vertex 2.185721e+01 5.529440e+00 1.116978e+00
         vertex 2.173396e+01 5.543715e+00 1.438133e+00
         vertex 2.185721e+01 5.659539e+00 1.395978e+00
      endloop
   endfacet
   facet normal -5.721076e-01 7.433349e-01 -3.466211e-01
      outer loop
         vertex 2.185721e+01 5.529440e+00 1.116978e+00
         vertex 2.185721e+01 5.659539e+00 1.395978e+00
         vertex 2.200000e+01 5.616026e+00 1.066988e+00
      endloop
   endfacet
   facet normal -5.721104e-01 7.433323e-01 -3.466220e-01
      outer loop
         vertex 2.200000e+01 5.616026e+00 1.066988e+00
         vertex 2.185721e+01 5.659539e+00 1.395978e+00
         vertex 2.200000e+01 5.753490e+00 1.361782e+00
      endloop
   endfacet
   facet normal -4.212946e-01 8.219520e-01 -3.832830e-01
      outer loop
         vertex 2.200000e+01 5.616026e+00 1.066988e+00
         vertex 2.200000e+01 5.753490e+00 1.361782e+00
         vertex 2.215798e+01 5.679823e+00 1.030155e+00
      endloop
   endfacet
   facet normal -4.212966e-01 8.219506e-01 -3.832837e-01
      outer loop
         vertex 2.215798e+01 5.679823e+00 1.030155e+00
         vertex 2.200000e+01 5.753490e+00 1.361782e+00
         vertex 2.215798e+01 5.822715e+00 1.336586e+00
      endloop
   endfacet
   facet normal -2.579019e-01 8.756477e-01 -4.083231e-01
      outer loop
         vertex 2.215798e+01 5.679823e+00 1.030155e+00
         vertex 2.215798e+01 5.822715e+00 1.336586e+00
         vertex 2.232635e+01 5.718894e+00 1.007596e+00
      endloop
   endfacet
   facet normal -2.578991e-01 8.756490e-01 -4.083221e-01
      outer loop
         vertex 2.232635e+01 5.718894e+00 1.007596e+00
         vertex 2.215798e+01 5.822715e+00 1.336586e+00
         vertex 2.232635e+01 5.865109e+00 1.321156e+00
      endloop
   endfacet
   facet normal -8.682572e-02 9.028850e-01 -4.210225e-01
      outer loop
         vertex 2.232635e+01 5.718894e+00 1.007596e+00
         vertex 2.232635e+01 5.865109e+00 1.321156e+00
         vertex 2.250000e+01 5.732051e+00 1.000000e+00
      endloop
   endfacet
   facet normal -8.682504e-02 9.028852e-01 -4.210222e-01
      outer loop
         vertex 2.250000e+01 5.732051e+00 1.000000e+00
         vertex 2.232635e+01 5.865109e+00 1.321156e+00
         vertex 2.250000e+01 5.879385e+00 1.315961e+00
      endloop
   endfacet
   facet normal -9.961655e-01 8.450742e-02 -2.264369e-02
      outer loop
         vertex 2.150000e+01 4.939693e+00 1.657980e+00
         vertex 2.150000e+01 4.984808e+00 1.826352e+00
         vertex 2.151519e+01 5.102869e+00 1.598589e+00
      endloop
   endfacet
   facet normal -9.961655e-01 8.450767e-02 -2.264356e-02
      outer loop
         vertex 2.151519e+01 5.102869e+00 1.598589e+00
         vertex 2.150000e+01 4.984808e+00 1.826352e+00
         vertex 2.151519e+01 5.155818e+00 1.796199e+00
      endloop
   endfacet
   facet normal -9.656783e-01 2.508907e-01 -6.722539e-02
      outer loop
         vertex 2.151519e+01 5.102869e+00 1.598589e+00
         vertex 2.151519e+01 5.155818e+00 1.796199e+00
         vertex 2.156031e+01 5.261086e+00 1.541002e+00
      endloop
   endfacet
   facet normal -9.656784e-01 2.508905e-01 -6.722551e-02
      outer loop
         vertex 2.156031e+01 5.261086e+00 1.541002e+00
         vertex 2.151519e+01 5.155818e+00 1.796199e+00
         vertex 2.156031e+01 5.321632e+00 1.766961e+00
      endloop
   endfacet
   facet normal -9.056877e-01 4.095001e-01 -1.097246e-01
      outer loop
         vertex 2.156031e+01 5.261086e+00 1.541002e+00
         vertex 2.156031e+01 5.321632e+00 1.766961e+00
         vertex 2.163398e+01 5.409539e+00 1.486970e+00
      endloop
   endfacet
   facet normal -9.056880e-01 4.094992e-01 -1.097250e-01
      outer loop
         vertex 2.163398e+01 5.409539e+00 1.486970e+00
         vertex 2.156031e+01 5.321632e+00 1.766961e+00
         vertex 2.163398e+01 5.477211e+00 1.739528e+00
      endloop
   endfacet
   facet normal -8.181249e-01 5.554465e-01 -1.488315e-01
      outer loop
         vertex 2.163398e+01 5.409539e+00 1.486970e+00
         vertex 2.163398e+01 5.477211e+00 1.739528e+00
         vertex 2.173396e+01 5.543715e+00 1.438133e+00
      endloop
   endfacet
   facet normal -8.181252e-01 5.554461e-01 -1.488316e-01
      outer loop
         vertex 2.173396e+01 5.543715e+00 1.438133e+00
         vertex 2.163398e+01 5.477211e+00 1.739528e+00
         vertex 2.173396e+01 5.617830e+00 1.714732e+00
      endloop
   endfacet
   facet normal -7.057567e-01 6.843142e-01 -1.833618e-01
      outer loop
         vertex 2.173396e+01 5.543715e+00 1.438133e+00
         vertex 2.173396e+01 5.617830e+00 1.714732e+00
         vertex 2.185721e+01 5.659539e+00 1.395978e+00
      endloop
   endfacet
   facet normal -7.057567e-01 6.843142e-01 -1.833618e-01
      outer loop
         vertex 2.185721e+01 5.659539e+00 1.395978e+00
         vertex 2.173396e+01 5.617830e+00 1.714732e+00
         vertex 2.185721e+01 5.739214e+00 1.693331e+00
      endloop
   endfacet
   facet normal -5.721099e-01 7.922300e-01 -2.122778e-01
      outer loop
         vertex 2.185721e+01 5.659539e+00 1.395978e+00
         vertex 2.185721e+01 5.739214e+00 1.693331e+00
         vertex 2.200000e+01 5.753490e+00 1.361782e+00
      endloop
   endfacet
   facet normal -5.721084e-01 7.922313e-01 -2.122771e-01
      outer loop
         vertex 2.200000e+01 5.753490e+00 1.361782e+00
         vertex 2.185721e+01 5.739214e+00 1.693331e+00
         vertex 2.200000e+01 5.837676e+00 1.675969e+00
      endloop
   endfacet
   facet normal -4.212964e-01 8.760205e-01 -2.347283e-01
      outer loop
         vertex 2.200000e+01 5.753490e+00 1.361782e+00
         vertex 2.200000e+01 5.837676e+00 1.675969e+00
         vertex 2.215798e+01 5.822715e+00 1.336586e+00
      endloop
   endfacet
   facet normal -4.212962e-01 8.760206e-01 -2.347282e-01
      outer loop
         vertex 2.215798e+01 5.822715e+00 1.336586e+00
         vertex 2.200000e+01 5.837676e+00 1.675969e+00
         vertex 2.215798e+01 5.910224e+00 1.663176e+00
      endloop
   endfacet
   facet normal -2.578992e-01 9.332505e-01 -2.500629e-01
      outer loop
         vertex 2.215798e+01 5.822715e+00 1.336586e+00
         vertex 2.215798e+01 5.910224e+00 1.663176e+00
         vertex 2.232635e+01 5.865109e+00 1.321156e+00
      endloop
   endfacet
   facet normal -2.578997e-01 9.332503e-01 -2.500631e-01
      outer loop
         vertex 2.232635e+01 5.865109e+00 1.321156e+00
         vertex 2.215798e+01 5.910224e+00 1.663176e+00
         vertex 2.232635e+01 5.954654e+00 1.655342e+00
      endloop
   endfacet
   facet normal -8.682617e-02 9.622781e-01 -2.578411e-01
      outer loop
         vertex 2.232635e+01 5.865109e+00 1.321156e+00
         vertex 2.232635e+01 5.954654e+00 1.655342e+00
         vertex 2.250000e+01 5.879385e+00 1.315961e+00
      endloop
   endfacet
   facet normal -8.682725e-02 9.622779e-01 -2.578416e-01
      outer loop
         vertex 2.250000e+01 5.879385e+00 1.315961e+00
         vertex 2.232635e+01 5.954654e+00 1.655342e+00
         vertex 2.250000e+01 5.969616e+00 1.652705e+00
      endloop
   endfacet
   facet normal -9.961655e-01 8.715573e-02 -7.625086e-03
      outer loop
         vertex 2.150000e+01 4.984808e+00 1.826352e+00
         vertex 2.150000e+01 5.000000e+00 2.000000e+00
         vertex 2.151519e+01 5.155818e+00 1.796199e+00
      endloop
   endfacet
   facet normal -9.961655e-01 8.715550e-02 -7.625260e-03
      outer loop
         vertex 2.151519e+01 5.155818e+00 1.796199e+00
         vertex 2.150000e+01 5.000000e+00 2.000000e+00
         vertex 2.151519e+01 5.173648e+00 2.000000e+00
      endloop
   endfacet
   facet normal -9.656783e-01 2.587525e-01 -2.263833e-02
      outer loop
         vertex 2.151519e+01 5.155818e+00 1.796199e+00
         vertex 2.151519e+01 5.173648e+00 2.000000e+00
         vertex 2.156031e+01 5.321632e+00 1.766961e+00
      endloop
   endfacet
   facet normal -9.656783e-01 2.587527e-01 -2.263817e-02
      outer loop
         vertex 2.156031e+01 5.321632e+00 1.766961e+00
         vertex 2.151519e+01 5.173648e+00 2.000000e+00
         vertex 2.156031e+01 5.342020e+00 2.000000e+00
      endloop
   endfacet
   facet normal -9.056880e-01 4.223315e-01 -3.694962e-02
      outer loop
         vertex 2.156031e+01 5.321632e+00 1.766961e+00
         vertex 2.156031e+01 5.342020e+00 2.000000e+00
         vertex 2.163398e+01 5.477211e+00 1.739528e+00
      endloop
   endfacet
   facet normal -9.056879e-01 4.223317e-01 -3.694949e-02
      outer loop
         vertex 2.163398e+01 5.477211e+00 1.739528e+00
         vertex 2.156031e+01 5.342020e+00 2.000000e+00
         vertex 2.163398e+01 5.500000e+00 2.000000e+00
      endloop
   endfacet
   facet normal -8.181250e-01 5.728522e-01 -5.011843e-02
      outer loop
         vertex 2.163398e+01 5.477211e+00 1.739528e+00
         vertex 2.163398e+01 5.500000e+00 2.000000e+00
         vertex 2.173396e+01 5.617830e+00 1.714732e+00
      endloop
   endfacet
   facet normal -8.181244e-01 5.728531e-01 -5.011791e-02
      outer loop
         vertex 2.173396e+01 5.617830e+00 1.714732e+00
         vertex 2.163398e+01 5.500000e+00 2.000000e+00
         vertex 2.173396e+01 5.642788e+00 2.000000e+00
      endloop
   endfacet
   facet normal -7.057575e-01 7.057576e-01 -6.174550e-02
      outer loop
         vertex 2.173396e+01 5.617830e+00 1.714732e+00
         vertex 2.173396e+01 5.642788e+00 2.000000e+00
         vertex 2.185721e+01 5.739214e+00 1.693331e+00
      endloop
   endfacet
   facet normal -7.057576e-01 7.057576e-01 -6.174554e-02
      outer loop
         vertex 2.185721e+01 5.739214e+00 1.693331e+00
         vertex 2.173396e+01 5.642788e+00 2.000000e+00
         vertex 2.185721e+01 5.766044e+00 2.000000e+00
      endloop
   endfacet
   facet normal -5.721082e-01 8.170572e-01 -7.148295e-02
      outer loop
         vertex 2.185721e+01 5.739214e+00 1.693331e+00
         vertex 2.185721e+01 5.766044e+00 2.000000e+00
         vertex 2.200000e+01 5.837676e+00 1.675969e+00
      endloop
   endfacet
   facet normal -5.721101e-01 8.170557e-01 -7.148410e-02
      outer loop
         vertex 2.200000e+01 5.837676e+00 1.675969e+00
         vertex 2.185721e+01 5.766044e+00 2.000000e+00
         vertex 2.200000e+01 5.866026e+00 2.000000e+00
      endloop
   endfacet
   facet normal -4.212959e-01 9.034720e-01 -7.904465e-02
      outer loop
         vertex 2.200000e+01 5.837676e+00 1.675969e+00
         vertex 2.200000e+01 5.866026e+00 2.000000e+00
         vertex 2.215798e+01 5.910224e+00 1.663176e+00
      endloop
   endfacet
   facet normal -4.212948e-01 9.034726e-01 -7.904405e-02
      outer loop
         vertex 2.215798e+01 5.910224e+00 1.663176e+00
         vertex 2.200000e+01 5.866026e+00 2.000000e+00
         vertex 2.215798e+01 5.939693e+00 2.000000e+00
      endloop
   endfacet
   facet normal -2.578996e-01 9.624951e-01 -8.420788e-02
      outer loop
         vertex 2.215798e+01 5.910224e+00 1.663176e+00
         vertex 2.215798e+01 5.939693e+00 2.000000e+00
         vertex 2.232635e+01 5.954654e+00 1.655342e+00
      endloop
   endfacet
   facet normal -2.578998e-01 9.624950e-01 -8.420798e-02
      outer loop
         vertex 2.232635e+01 5.954654e+00 1.655342e+00
         vertex 2.215798e+01 5.939693e+00 2.000000e+00
         vertex 2.232635e+01 5.984808e+00 2.000000e+00
      endloop
   endfacet
   facet normal -8.682789e-02 9.924323e-01 -8.682717e-02
      outer loop
         vertex 2.232635e+01 5.954654e+00 1.655342e+00
         vertex 2.232635e+01 5.984808e+00 2.000000e+00
         vertex 2.250000e+01 5.969616e+00 1.652705e+00
      endloop
   endfacet
   facet normal -8.682647e-02 9.924325e-01 -8.682647e-02
      outer loop
         vertex 2.250000e+01 5.969616e+00 1.652705e+00
         vertex 2.232635e+01 5.984808e+00 2.000000e+00
         vertex 2.250000e+01 6.000000e+00 2.000000e+00
      endloop
   endfacet
   facet normal -8.715297e-02 -0.000000e+00 -9.961949e-01
      outer loop
         vertex 2.250000e+01 4.000000e+00 0.000000e+00
         vertex 2.250000e+01 2.000000e+00 0.000000e+00
         vertex 2.232635e+01 2.000000e+00 1.519173e-02
      endloop
   endfacet
   facet normal -8.715297e-02 0.000000e+00 -9.961949e-01
      outer loop
         vertex 2.250000e+01 4.000000e+00 0.000000e+00
         vertex 2.232635e+01 2.000000e+00 1.519173e-02
         vertex 2.232635e+01 4.000000e+00 1.519173e-02
      endloop
   endfacet
   facet normal -2.588191e-01 -0.000000e+00 -9.659258e-01
      outer loop
         vertex 2.232635e+01 4.000000e+00 1.519173e-02
         vertex 2.232635e+01 2.000000e+00 1.519173e-02
         vertex 2.215798e+01 2.000000e+00 6.030686e-02
      endloop
   endfacet
   facet normal -2.588191e-01 0.000000e+00 -9.659258e-01
      outer loop
         vertex 2.232635e+01 4.000000e+00 1.519173e-02
         vertex 2.215798e+01 2.000000e+00 6.030686e-02
         vertex 2.215798e+01 4.000000e+00 6.030686e-02
      endloop
   endfacet
   facet normal -4.226193e-01 -0.000000e+00 -9.063073e-01
      outer loop
         vertex 2.215798e+01 4.000000e+00 6.030686e-02
         vertex 2.215798e+01 2.000000e+00 6.030686e-02
         vertex 2.200000e+01 2.000000e+00 1.339745e-01
      endloop
   endfacet
   facet normal -4.226193e-01 0.000000e+00 -9.063073e-01
      outer loop
         vertex 2.215798e+01 4.000000e+00 6.030686e-02
         vertex 2.200000e+01 2.000000e+00 1.339745e-01
         vertex 2.200000e+01 4.000000e+00 1.339745e-01
      endloop
   endfacet
   facet normal -5.735774e-01 -0.000000e+00 -8.191513e-01
      outer loop
         vertex 2.200000e+01 4.000000e+00 1.339745e-01
         vertex 2.200000e+01 2.000000e+00 1.339745e-01
         vertex 2.185721e+01 2.000000e+00 2.339557e-01
      endloop
   endfacet
   facet normal -5.735774e-01 0.000000e+00 -8.191513e-01
      outer loop
         vertex 2.200000e+01 4.000000e+00 1.339745e-01
         vertex 2.185721e+01 2.000000e+00 2.339557e-01
         vertex 2.185721e+01 4.000000e+00 2.339557e-01
      endloop
   endfacet
   facet normal -7.071068e-01 -0.000000e+00 -7.071068e-01
      outer loop
         vertex 2.185721e+01 4.000000e+00 2.339557e-01
         vertex 2.185721e+01 2.000000e+00 2.339557e-01
         vertex 2.173396e+01 2.000000e+00 3.572125e-01
      endloop
   endfacet
   facet normal -7.071068e-01 0.000000e+00 -7.071068e-01
      outer loop
         vertex 2.185721e+01 4.000000e+00 2.339557e-01
         vertex 2.173396e+01 2.000000e+00 3.572125e-01
         vertex 2.173396e+01 4.000000e+00 3.572125e-01
      endloop
   endfacet
   facet normal -8.191556e-01 -0.000000e+00 -5.735713e-01
      outer loop
         vertex 2.173396e+01 4.000000e+00 3.572125e-01
         vertex 2.173396e+01 2.000000e+00 3.572125e-01
         vertex 2.163398e+01 2.000000e+00 5.000010e-01
      endloop
   endfacet
   facet normal -8.191556e-01 0.000000e+00 -5.735713e-01
      outer loop
         vertex 2.173396e+01 4.000000e+00 3.572125e-01
         vertex 2.163398e+01 2.000000e+00 5.000010e-01
         vertex 2.163398e+01 4.000000e+00 5.000010e-01
      endloop
   endfacet
   facet normal -9.063054e-01 -0.000000e+00 -4.226234e-01
      outer loop
         vertex 2.163398e+01 4.000000e+00 5.000010e-01
         vertex 2.163398e+01 2.000000e+00 5.000010e-01
         vertex 2.156031e+01 2.000000e+00 6.579794e-01
      endloop
   endfacet
   facet normal -9.063054e-01 0.000000e+00 -4.226234e-01
      outer loop
         vertex 2.163398e+01 4.000000e+00 5.000010e-01
         vertex 2.156031e+01 2.000000e+00 6.579794e-01
         vertex 2.156031e+01 4.000000e+00 6.579794e-01
      endloop
   endfacet
   facet normal -9.659258e-01 -0.000000e+00 -2.588191e-01
      outer loop
         vertex 2.156031e+01 4.000000e+00 6.579794e-01
         vertex 2.156031e+01 2.000000e+00 6.579794e-01
         vertex 2.151519e+01 2.000000e+00 8.263513e-01
      endloop
   endfacet
   facet normal -9.659258e-01 0.000000e+00 -2.588191e-01
      outer loop
         vertex 2.156031e+01 4.000000e+00 6.579794e-01
         vertex 2.151519e+01 2.000000e+00 8.263513e-01
         vertex 2.151519e+01 4.000000e+00 8.263513e-01
      endloop
   endfacet
   facet normal -9.961945e-01 -0.000000e+00 -8.715780e-02
      outer loop
         vertex 2.151519e+01 4.000000e+00 8.263513e-01
         vertex 2.151519e+01 2.000000e+00 8.263513e-01
         vertex 2.150000e+01 2.000000e+00 1.000000e+00
      endloop
   endfacet
   facet normal -9.961945e-01 0.000000e+00 -8.715780e-02
      outer loop
         vertex 2.151519e+01 4.000000e+00 8.263513e-01
         vertex 2.150000e+01 2.000000e+00 1.000000e+00
         vertex 2.150000e+01 4.000000e+00 1.000000e+00
      endloop
   endfacet
   facet normal 8.715562e-02 9.961947e-01 -0.000000e+00
      outer loop
         vertex 4.850000e+01 6.000000e+00 2.000000e+00
         vertex 4.850000e+01 6.000000e+00 6.000001e+00
         vertex 4.867365e+01 5.984808e+00 6.000001e+00
      endloop
   endfacet
   facet normal 8.715562e-02 9.961947e-01 0.000000e+00
      outer loop
         vertex 4.850000e+01 6.000000e+00 2.000000e+00
         vertex 4.867365e+01 5.984808e+00 6.000001e+00
         vertex 4.867365e+01 5.984808e+00 2.000000e+00
      endloop
   endfacet
   facet normal 2.588191e-01 9.659258e-01 -0.000000e+00
      outer loop
         vertex 4.867365e+01 5.984808e+00 2.000000e+00
         vertex 4.867365e+01 5.984808e+00 6.000001e+00
         vertex 4.884202e+01 5.939693e+00 6.000001e+00
      endloop
   endfacet
   facet normal 2.588191e-01 9.659258e-01 0.000000e+00
      outer loop
         vertex 4.867365e+01 5.984808e+00 2.000000e+00
         vertex 4.884202e+01 5.939693e+00 6.000001e+00
         vertex 4.884202e+01 5.939693e+00 2.000000e+00
      endloop
   endfacet
   facet normal 4.226171e-01 9.063083e-01 -0.000000e+00
      outer loop
         vertex 4.884202e+01 5.939693e+00 2.000000e+00
         vertex 4.884202e+01 5.939693e+00 6.000001e+00
         vertex 4.900000e+01 5.866026e+00 6.000001e+00
      endloop
   endfacet
   facet normal 4.226171e-01 9.063083e-01 0.000000e+00
      outer loop
         vertex 4.884202e+01 5.939693e+00 2.000000e+00
         vertex 4.900000e+01 5.866026e+00 6.000001e+00
         vertex 4.900000e+01 5.866026e+00 2.000000e+00
      endloop
   endfacet
   facet normal 5.735774e-01 8.191513e-01 -0.000000e+00
      outer loop
         vertex 4.900000e+01 5.866026e+00 2.000000e+00
         vertex 4.900000e+01 5.866026e+00 6.000001e+00
         vertex 4.914279e+01 5.766044e+00 6.000001e+00
      endloop
   endfacet
   facet normal 5.735774e-01 8.191513e-01 0.000000e+00
      outer loop
         vertex 4.900000e+01 5.866026e+00 2.000000e+00
         vertex 4.914279e+01 5.766044e+00 6.000001e+00
         vertex 4.914279e+01 5.766044e+00 2.000000e+00
      endloop
   endfacet
   facet normal 7.071068e-01 7.071068e-01 -0.000000e+00
      outer loop
         vertex 4.914279e+01 5.766044e+00 2.000000e+00
         vertex 4.914279e+01 5.766044e+00 6.000001e+00
         vertex 4.926605e+01 5.642788e+00 6.000001e+00
      endloop
   endfacet
   facet normal 7.071068e-01 7.071068e-01 0.000000e+00
      outer loop
         vertex 4.914279e+01 5.766044e+00 2.000000e+00
         vertex 4.926605e+01 5.642788e+00 6.000001e+00
         vertex 4.926605e+01 5.642788e+00 2.000000e+00
      endloop
   endfacet
   facet normal 8.191538e-01 5.735739e-01 -0.000000e+00
      outer loop
         vertex 4.926605e+01 5.642788e+00 2.000000e+00
         vertex 4.926605e+01 5.642788e+00 6.000001e+00
         vertex 4.936603e+01 5.500000e+00 6.000001e+00
      endloop
   endfacet
   facet normal 8.191538e-01 5.735739e-01 0.000000e+00
      outer loop
         vertex 4.926605e+01 5.642788e+00 2.000000e+00
         vertex 4.936603e+01 5.500000e+00 6.000001e+00
         vertex 4.936603e+01 5.500000e+00 2.000000e+00
      endloop
   endfacet
   facet normal 9.063068e-01 4.226203e-01 -0.000000e+00
      outer loop
         vertex 4.936603e+01 5.500000e+00 2.000000e+00
         vertex 4.936603e+01 5.500000e+00 6.000001e+00
         vertex 4.943969e+01 5.342020e+00 6.000001e+00
      endloop
   endfacet
   facet normal 9.063068e-01 4.226203e-01 0.000000e+00
      outer loop
         vertex 4.936603e+01 5.500000e+00 2.000000e+00
         vertex 4.943969e+01 5.342020e+00 6.000001e+00
         vertex 4.943969e+01 5.342020e+00 2.000000e+00
      endloop
   endfacet
   facet normal 9.659258e-01 2.588191e-01 -0.000000e+00
      outer loop
         vertex 4.943969e+01 5.342020e+00 2.000000e+00
         vertex 4.943969e+01 5.342020e+00 6.000001e+00
         vertex 4.948481e+01 5.173648e+00 6.000001e+00
      endloop
   endfacet
   facet normal 9.659258e-01 2.588191e-01 0.000000e+00
      outer loop
         vertex 4.943969e+01 5.342020e+00 2.000000e+00
         vertex 4.948481e+01 5.173648e+00 6.000001e+00
         vertex 4.948481e+01 5.173648e+00 2.000000e+00
      endloop
   endfacet
   facet normal 9.961945e-01 8.715804e-02 -0.000000e+00
      outer loop
         vertex 4.948481e+01 5.173648e+00 2.000000e+00
         vertex 4.948481e+01 5.173648e+00 6.000001e+00
         vertex 4.950000e+01 5.000000e+00 6.000001e+00
      endloop
   endfacet
   facet normal 9.961945e-01 8.715804e-02 0.000000e+00
      outer loop
         vertex 4.948481e+01 5.173648e+00 2.000000e+00
         vertex 4.950000e+01 5.000000e+00 6.000001e+00
         vertex 4.950000e+01 5.000000e+00 2.000000e+00
      endloop
   endfacet
   facet normal 8.682381e-02 8.682901e-02 -9.924325e-01
      outer loop
         vertex 4.850000e+01 4.000000e+00 0.000000e+00
         vertex 4.850000e+01 4.347296e+00 3.038533e-02
         vertex 4.867365e+01 4.000000e+00 1.519173e-02
      endloop
   endfacet
   facet normal 8.682285e-02 8.682854e-02 -9.924327e-01
      outer loop
         vertex 4.867365e+01 4.000000e+00 1.519173e-02
         vertex 4.850000e+01 4.347296e+00 3.038533e-02
         vertex 4.867365e+01 4.344658e+00 4.534610e-02
      endloop
   endfacet
   facet normal 2.578998e-01 8.420927e-02 -9.624949e-01
      outer loop
         vertex 4.867365e+01 4.000000e+00 1.519173e-02
         vertex 4.867365e+01 4.344658e+00 4.534610e-02
         vertex 4.884202e+01 4.000000e+00 6.030686e-02
      endloop
   endfacet
   facet normal 2.578996e-01 8.420920e-02 -9.624950e-01
      outer loop
         vertex 4.884202e+01 4.000000e+00 6.030686e-02
         vertex 4.867365e+01 4.344658e+00 4.534610e-02
         vertex 4.884202e+01 4.336824e+00 8.977577e-02
      endloop
   endfacet
   facet normal 4.212969e-01 7.904520e-02 -9.034715e-01
      outer loop
         vertex 4.884202e+01 4.000000e+00 6.030686e-02
         vertex 4.884202e+01 4.336824e+00 8.977577e-02
         vertex 4.900000e+01 4.000000e+00 1.339745e-01
      endloop
   endfacet
   facet normal 4.212957e-01 7.904454e-02 -9.034721e-01
      outer loop
         vertex 4.900000e+01 4.000000e+00 1.339745e-01
         vertex 4.884202e+01 4.336824e+00 8.977577e-02
         vertex 4.900000e+01 4.324032e+00 1.623239e-01
      endloop
   endfacet
   facet normal 5.721101e-01 7.148400e-02 -8.170557e-01
      outer loop
         vertex 4.900000e+01 4.000000e+00 1.339745e-01
         vertex 4.900000e+01 4.324032e+00 1.623239e-01
         vertex 4.914279e+01 4.000000e+00 2.339557e-01
      endloop
   endfacet
   facet normal 5.721063e-01 7.148172e-02 -8.170586e-01
      outer loop
         vertex 4.914279e+01 4.000000e+00 2.339557e-01
         vertex 4.900000e+01 4.324032e+00 1.623239e-01
         vertex 4.914279e+01 4.306670e+00 2.607852e-01
      endloop
   endfacet
   facet normal 7.057576e-01 6.174437e-02 -7.057576e-01
      outer loop
         vertex 4.914279e+01 4.000000e+00 2.339557e-01
         vertex 4.914279e+01 4.306670e+00 2.607852e-01
         vertex 4.926605e+01 4.000000e+00 3.572125e-01
      endloop
   endfacet
   facet normal 7.057592e-01 6.174555e-02 -7.057559e-01
      outer loop
         vertex 4.926605e+01 4.000000e+00 3.572125e-01
         vertex 4.914279e+01 4.306670e+00 2.607852e-01
         vertex 4.926605e+01 4.285267e+00 3.821701e-01
      endloop
   endfacet
   facet normal 8.181262e-01 5.011785e-02 -5.728505e-01
      outer loop
         vertex 4.926605e+01 4.000000e+00 3.572125e-01
         vertex 4.926605e+01 4.285267e+00 3.821701e-01
         vertex 4.936603e+01 4.000000e+00 5.000010e-01
      endloop
   endfacet
   facet normal 8.181247e-01 5.011642e-02 -5.728528e-01
      outer loop
         vertex 4.936603e+01 4.000000e+00 5.000010e-01
         vertex 4.926605e+01 4.285267e+00 3.821701e-01
         vertex 4.936603e+01 4.260472e+00 5.227886e-01
      endloop
   endfacet
   facet normal 9.056866e-01 3.694825e-02 -4.223348e-01
      outer loop
         vertex 4.936603e+01 4.000000e+00 5.000010e-01
         vertex 4.936603e+01 4.260472e+00 5.227886e-01
         vertex 4.943969e+01 4.000000e+00 6.579794e-01
      endloop
   endfacet
   facet normal 9.056876e-01 3.694971e-02 -4.223325e-01
      outer loop
         vertex 4.943969e+01 4.000000e+00 6.579794e-01
         vertex 4.936603e+01 4.260472e+00 5.227886e-01
         vertex 4.943969e+01 4.233039e+00 6.783679e-01
      endloop
   endfacet
   facet normal 9.656783e-01 2.263817e-02 -2.587527e-01
      outer loop
         vertex 4.943969e+01 4.000000e+00 6.579794e-01
         vertex 4.943969e+01 4.233039e+00 6.783679e-01
         vertex 4.948481e+01 4.000000e+00 8.263513e-01
      endloop
   endfacet
   facet normal 9.656785e-01 2.263881e-02 -2.587518e-01
      outer loop
         vertex 4.948481e+01 4.000000e+00 8.263513e-01
         vertex 4.943969e+01 4.233039e+00 6.783679e-01
         vertex 4.948481e+01 4.203802e+00 8.441824e-01
      endloop
   endfacet
   facet normal 9.961656e-01 7.625421e-03 -8.715527e-02
      outer loop
         vertex 4.948481e+01 4.000000e+00 8.263513e-01
         vertex 4.948481e+01 4.203802e+00 8.441824e-01
         vertex 4.950000e+01 4.000000e+00 1.000000e+00
      endloop
   endfacet
   facet normal 9.961655e-01 7.624911e-03 -8.715593e-02
      outer loop
         vertex 4.950000e+01 4.000000e+00 1.000000e+00
         vertex 4.948481e+01 4.203802e+00 8.441824e-01
         vertex 4.950000e+01 4.173648e+00 1.015192e+00
      endloop
   endfacet
   facet normal 8.682282e-02 2.578417e-01 -9.622783e-01
      outer loop
         vertex 4.850000e+01 4.347296e+00 3.038533e-02
         vertex 4.850000e+01 4.684040e+00 1.206156e-01
         vertex 4.867365e+01 4.344658e+00 4.534610e-02
      endloop
   endfacet
   facet normal 8.682311e-02 2.578418e-01 -9.622782e-01
      outer loop
         vertex 4.867365e+01 4.344658e+00 4.534610e-02
         vertex 4.850000e+01 4.684040e+00 1.206156e-01
         vertex 4.867365e+01 4.678844e+00 1.348909e-01
      endloop
   endfacet
   facet normal 2.578997e-01 2.500638e-01 -9.332502e-01
      outer loop
         vertex 4.867365e+01 4.344658e+00 4.534610e-02
         vertex 4.867365e+01 4.678844e+00 1.348909e-01
         vertex 4.884202e+01 4.336824e+00 8.977577e-02
      endloop
   endfacet
   facet normal 2.578967e-01 2.500625e-01 -9.332513e-01
      outer loop
         vertex 4.884202e+01 4.336824e+00 8.977577e-02
         vertex 4.867365e+01 4.678844e+00 1.348909e-01
         vertex 4.884202e+01 4.663414e+00 1.772847e-01
      endloop
   endfacet
   facet normal 4.212957e-01 2.347278e-01 -8.760210e-01
      outer loop
         vertex 4.884202e+01 4.336824e+00 8.977577e-02
         vertex 4.884202e+01 4.663414e+00 1.772847e-01
         vertex 4.900000e+01 4.324032e+00 1.623239e-01
      endloop
   endfacet
   facet normal 4.212980e-01 2.347288e-01 -8.760197e-01
      outer loop
         vertex 4.900000e+01 4.324032e+00 1.623239e-01
         vertex 4.884202e+01 4.663414e+00 1.772847e-01
         vertex 4.900000e+01 4.638218e+00 2.465099e-01
      endloop
   endfacet
   facet normal 5.721066e-01 2.122780e-01 -7.922323e-01
      outer loop
         vertex 4.900000e+01 4.324032e+00 1.623239e-01
         vertex 4.900000e+01 4.638218e+00 2.465099e-01
         vertex 4.914279e+01 4.306670e+00 2.607852e-01
      endloop
   endfacet
   facet normal 5.721109e-01 2.122800e-01 -7.922287e-01
      outer loop
         vertex 4.914279e+01 4.306670e+00 2.607852e-01
         vertex 4.900000e+01 4.638218e+00 2.465099e-01
         vertex 4.914279e+01 4.604023e+00 3.404617e-01
      endloop
   endfacet
   facet normal 7.057590e-01 1.833632e-01 -6.843115e-01
      outer loop
         vertex 4.914279e+01 4.306670e+00 2.607852e-01
         vertex 4.914279e+01 4.604023e+00 3.404617e-01
         vertex 4.926605e+01 4.285267e+00 3.821701e-01
      endloop
   endfacet
   facet normal 7.057561e-01 1.833617e-01 -6.843148e-01
      outer loop
         vertex 4.926605e+01 4.285267e+00 3.821701e-01
         vertex 4.914279e+01 4.604023e+00 3.404617e-01
         vertex 4.926605e+01 4.561867e+00 4.562847e-01
      endloop
   endfacet
   facet normal 8.181247e-01 1.488316e-01 -5.554468e-01
      outer loop
         vertex 4.926605e+01 4.285267e+00 3.821701e-01
         vertex 4.926605e+01 4.561867e+00 4.562847e-01
         vertex 4.936603e+01 4.260472e+00 5.227886e-01
      endloop
   endfacet
   facet normal 8.181229e-01 1.488303e-01 -5.554498e-01
      outer loop
         vertex 4.936603e+01 4.260472e+00 5.227886e-01
         vertex 4.926605e+01 4.561867e+00 4.562847e-01
         vertex 4.936603e+01 4.513030e+00 5.904604e-01
      endloop
   endfacet
   facet normal 9.056876e-01 1.097238e-01 -4.095004e-01
      outer loop
         vertex 4.936603e+01 4.260472e+00 5.227886e-01
         vertex 4.936603e+01 4.513030e+00 5.904604e-01
         vertex 4.943969e+01 4.233039e+00 6.783679e-01
      endloop
   endfacet
   facet normal 9.056884e-01 1.097246e-01 -4.094985e-01
      outer loop
         vertex 4.943969e+01 4.233039e+00 6.783679e-01
         vertex 4.936603e+01 4.513030e+00 5.904604e-01
         vertex 4.943969e+01 4.458998e+00 7.389132e-01
      endloop
   endfacet
   facet normal 9.656785e-01 6.722566e-02 -2.508900e-01
      outer loop
         vertex 4.943969e+01 4.233039e+00 6.783679e-01
         vertex 4.943969e+01 4.458998e+00 7.389132e-01
         vertex 4.948481e+01 4.203802e+00 8.441824e-01
      endloop
   endfacet
   facet normal 9.656786e-01 6.722582e-02 -2.508896e-01
      outer loop
         vertex 4.948481e+01 4.203802e+00 8.441824e-01
         vertex 4.943969e+01 4.458998e+00 7.389132e-01
         vertex 4.948481e+01 4.401411e+00 8.971319e-01
      endloop
   endfacet
   facet normal 9.961655e-01 2.264382e-02 -8.450767e-02
      outer loop
         vertex 4.948481e+01 4.203802e+00 8.441824e-01
         vertex 4.948481e+01 4.401411e+00 8.971319e-01
         vertex 4.950000e+01 4.173648e+00 1.015192e+00
      endloop
   endfacet
   facet normal 9.961655e-01 2.264378e-02 -8.450774e-02
      outer loop
         vertex 4.950000e+01 4.173648e+00 1.015192e+00
         vertex 4.948481e+01 4.401411e+00 8.971319e-01
         vertex 4.950000e+01 4.342020e+00 1.060307e+00
      endloop
   endfacet
   facet normal 8.682362e-02 4.210200e-01 -9.028864e-01
      outer loop
         vertex 4.850000e+01 4.684040e+00 1.206156e-01
         vertex 4.850000e+01 5.000000e+00 2.679490e-01
         vertex 4.867365e+01 4.678844e+00 1.348909e-01
      endloop
   endfacet
   facet normal 8.683053e-02 4.210229e-01 -9.028844e-01
      outer loop
         vertex 4.867365e+01 4.678844e+00 1.348909e-01
         vertex 4.850000e+01 5.000000e+00 2.679490e-01
         vertex 4.867365e+01 4.992404e+00 2.811067e-01
      endloop
   endfacet
   facet normal 2.578968e-01 4.083229e-01 -8.756493e-01
      outer loop
         vertex 4.867365e+01 4.678844e+00 1.348909e-01
         vertex 4.867365e+01 4.992404e+00 2.811067e-01
         vertex 4.884202e+01 4.663414e+00 1.772847e-01
      endloop
   endfacet
   facet normal 2.578998e-01 4.083240e-01 -8.756479e-01
      outer loop
         vertex 4.884202e+01 4.663414e+00 1.772847e-01
         vertex 4.867365e+01 4.992404e+00 2.811067e-01
         vertex 4.884202e+01 4.969846e+00 3.201775e-01
      endloop
   endfacet
   facet normal 4.212976e-01 3.832841e-01 -8.219499e-01
      outer loop
         vertex 4.884202e+01 4.663414e+00 1.772847e-01
         vertex 4.884202e+01 4.969846e+00 3.201775e-01
         vertex 4.900000e+01 4.638218e+00 2.465099e-01
      endloop
   endfacet
   facet normal 4.212946e-01 3.832831e-01 -8.219519e-01
      outer loop
         vertex 4.900000e+01 4.638218e+00 2.465099e-01
         vertex 4.884202e+01 4.969846e+00 3.201775e-01
         vertex 4.900000e+01 4.933013e+00 3.839750e-01
      endloop
   endfacet
   facet normal 5.721105e-01 3.466220e-01 -7.433322e-01
      outer loop
         vertex 4.900000e+01 4.638218e+00 2.465099e-01
         vertex 4.900000e+01 4.933013e+00 3.839750e-01
         vertex 4.914279e+01 4.604023e+00 3.404617e-01
      endloop
   endfacet
   facet normal 5.721058e-01 3.466206e-01 -7.433365e-01
      outer loop
         vertex 4.914279e+01 4.604023e+00 3.404617e-01
         vertex 4.900000e+01 4.933013e+00 3.839750e-01
         vertex 4.914279e+01 4.883022e+00 4.705600e-01
      endloop
   endfacet
   facet normal 7.057563e-01 2.994038e-01 -6.420790e-01
      outer loop
         vertex 4.914279e+01 4.604023e+00 3.404617e-01
         vertex 4.914279e+01 4.883022e+00 4.705600e-01
         vertex 4.926605e+01 4.561867e+00 4.562847e-01
      endloop
   endfacet
   facet normal 7.057600e-01 2.994050e-01 -6.420743e-01
      outer loop
         vertex 4.926605e+01 4.561867e+00 4.562847e-01
         vertex 4.914279e+01 4.883022e+00 4.705600e-01
         vertex 4.926605e+01 4.821394e+00 5.773045e-01
      endloop
   endfacet
   facet normal 8.181230e-01 2.430244e-01 -5.211659e-01
      outer loop
         vertex 4.926605e+01 4.561867e+00 4.562847e-01
         vertex 4.926605e+01 4.821394e+00 5.773045e-01
         vertex 4.936603e+01 4.513030e+00 5.904604e-01
      endloop
   endfacet
   facet normal 8.181238e-01 2.430247e-01 -5.211645e-01
      outer loop
         vertex 4.936603e+01 4.513030e+00 5.904604e-01
         vertex 4.926605e+01 4.821394e+00 5.773045e-01
         vertex 4.936603e+01 4.750000e+00 7.009618e-01
      endloop
   endfacet
   facet normal 9.056884e-01 1.791675e-01 -3.842233e-01
      outer loop
         vertex 4.936603e+01 4.513030e+00 5.904604e-01
         vertex 4.936603e+01 4.750000e+00 7.009618e-01
         vertex 4.943969e+01 4.458998e+00 7.389132e-01
      endloop
   endfacet
   facet normal 9.056884e-01 1.791675e-01 -3.842234e-01
      outer loop
         vertex 4.943969e+01 4.458998e+00 7.389132e-01
         vertex 4.936603e+01 4.750000e+00 7.009618e-01
         vertex 4.943969e+01 4.671010e+00 8.377768e-01
      endloop
   endfacet
   facet normal 9.656785e-01 1.097715e-01 -2.354043e-01
      outer loop
         vertex 4.943969e+01 4.458998e+00 7.389132e-01
         vertex 4.943969e+01 4.671010e+00 8.377768e-01
         vertex 4.948481e+01 4.401411e+00 8.971319e-01
      endloop
   endfacet
   facet normal 9.656779e-01 1.097708e-01 -2.354071e-01
      outer loop
         vertex 4.948481e+01 4.401411e+00 8.971319e-01
         vertex 4.943969e+01 4.671010e+00 8.377768e-01
         vertex 4.948481e+01 4.586824e+00 9.835903e-01
      endloop
   endfacet
   facet normal 9.961655e-01 3.697400e-02 -7.929192e-02
      outer loop
         vertex 4.948481e+01 4.401411e+00 8.971319e-01
         vertex 4.948481e+01 4.586824e+00 9.835903e-01
         vertex 4.950000e+01 4.342020e+00 1.060307e+00
      endloop
   endfacet
   facet normal 9.961656e-01 3.697426e-02 -7.929109e-02
      outer loop
         vertex 4.950000e+01 4.342020e+00 1.060307e+00
         vertex 4.948481e+01 4.586824e+00 9.835903e-01
         vertex 4.950000e+01 4.500000e+00 1.133975e+00
      endloop
   endfacet
   facet normal 8.682987e-02 5.714111e-01 -8.160575e-01
      outer loop
         vertex 4.850000e+01 5.000000e+00 2.679490e-01
         vertex 4.850000e+01 5.285575e+00 4.679114e-01
         vertex 4.867365e+01 4.992404e+00 2.811067e-01
      endloop
   endfacet
   facet normal 8.682611e-02 5.714098e-01 -8.160589e-01
      outer loop
         vertex 4.867365e+01 4.992404e+00 2.811067e-01
         vertex 4.850000e+01 5.285575e+00 4.679114e-01
         vertex 4.867365e+01 5.275810e+00 4.795492e-01
      endloop
   endfacet
   facet normal 2.578998e-01 5.541728e-01 -7.914419e-01
      outer loop
         vertex 4.867365e+01 4.992404e+00 2.811067e-01
         vertex 4.867365e+01 5.275810e+00 4.795492e-01
         vertex 4.884202e+01 4.969846e+00 3.201775e-01
      endloop
   endfacet
   facet normal 2.578956e-01 5.541716e-01 -7.914441e-01
      outer loop
         vertex 4.884202e+01 4.969846e+00 3.201775e-01
         vertex 4.867365e+01 5.275810e+00 4.795492e-01
         vertex 4.884202e+01 5.246811e+00 5.141087e-01
      endloop
   endfacet
   facet normal 4.212949e-01 5.201879e-01 -7.429100e-01
      outer loop
         vertex 4.884202e+01 4.969846e+00 3.201775e-01
         vertex 4.884202e+01 5.246811e+00 5.141087e-01
         vertex 4.900000e+01 4.933013e+00 3.839750e-01
      endloop
   endfacet
   facet normal 4.212965e-01 5.201882e-01 -7.429088e-01
      outer loop
         vertex 4.900000e+01 4.933013e+00 3.839750e-01
         vertex 4.884202e+01 5.246811e+00 5.141087e-01
         vertex 4.900000e+01 5.199458e+00 5.705412e-01
      endloop
   endfacet
   facet normal 5.721064e-01 4.704343e-01 -6.718526e-01
      outer loop
         vertex 4.900000e+01 4.933013e+00 3.839750e-01
         vertex 4.900000e+01 5.199458e+00 5.705412e-01
         vertex 4.914279e+01 4.883022e+00 4.705600e-01
      endloop
   endfacet
   facet normal 5.721097e-01 4.704348e-01 -6.718494e-01
      outer loop
         vertex 4.914279e+01 4.883022e+00 4.705600e-01
         vertex 4.900000e+01 5.199458e+00 5.705412e-01
         vertex 4.914279e+01 5.135192e+00 6.471314e-01
      endloop
   endfacet
   facet normal 7.057597e-01 4.063514e-01 -5.803290e-01
      outer loop
         vertex 4.914279e+01 4.883022e+00 4.705600e-01
         vertex 4.914279e+01 5.135192e+00 6.471314e-01
         vertex 4.926605e+01 4.821394e+00 5.773045e-01
      endloop
   endfacet
   facet normal 7.057602e-01 4.063514e-01 -5.803284e-01
      outer loop
         vertex 4.926605e+01 4.821394e+00 5.773045e-01
         vertex 4.914279e+01 5.135192e+00 6.471314e-01
         vertex 4.926605e+01 5.055964e+00 7.415526e-01
      endloop
   endfacet
   facet normal 8.181238e-01 3.298312e-01 -4.710465e-01
      outer loop
         vertex 4.926605e+01 4.821394e+00 5.773045e-01
         vertex 4.926605e+01 5.055964e+00 7.415526e-01
         vertex 4.936603e+01 4.750000e+00 7.009618e-01
      endloop
   endfacet
   facet normal 8.181222e-01 3.298311e-01 -4.710493e-01
      outer loop
         vertex 4.936603e+01 4.750000e+00 7.009618e-01
         vertex 4.926605e+01 5.055964e+00 7.415526e-01
         vertex 4.936603e+01 4.964181e+00 8.509327e-01
      endloop
   endfacet
   facet normal 9.056883e-01 2.431639e-01 -3.472752e-01
      outer loop
         vertex 4.936603e+01 4.750000e+00 7.009618e-01
         vertex 4.936603e+01 4.964181e+00 8.509327e-01
         vertex 4.943969e+01 4.671010e+00 8.377768e-01
      endloop
   endfacet
   facet normal 9.056880e-01 2.431638e-01 -3.472760e-01
      outer loop
         vertex 4.943969e+01 4.671010e+00 8.377768e-01
         vertex 4.936603e+01 4.964181e+00 8.509327e-01
         vertex 4.943969e+01 4.862634e+00 9.719525e-01
      endloop
   endfacet
   facet normal 9.656780e-01 1.489814e-01 -2.127687e-01
      outer loop
         vertex 4.943969e+01 4.671010e+00 8.377768e-01
         vertex 4.943969e+01 4.862634e+00 9.719525e-01
         vertex 4.948481e+01 4.586824e+00 9.835903e-01
      endloop
   endfacet
   facet normal 9.656784e-01 1.489816e-01 -2.127666e-01
      outer loop
         vertex 4.948481e+01 4.586824e+00 9.835903e-01
         vertex 4.943969e+01 4.862634e+00 9.719525e-01
         vertex 4.948481e+01 4.754406e+00 1.100933e+00
      endloop
   endfacet
   facet normal 9.961656e-01 5.018133e-02 -7.166599e-02
      outer loop
         vertex 4.948481e+01 4.586824e+00 9.835903e-01
         vertex 4.948481e+01 4.754406e+00 1.100933e+00
         vertex 4.950000e+01 4.500000e+00 1.133975e+00
      endloop
   endfacet
   facet normal 9.961655e-01 5.018131e-02 -7.166615e-02
      outer loop
         vertex 4.950000e+01 4.500000e+00 1.133975e+00
         vertex 4.948481e+01 4.754406e+00 1.100933e+00
         vertex 4.950000e+01 4.642787e+00 1.233956e+00
      endloop
   endfacet
   facet normal 8.682620e-02 7.044364e-01 -7.044364e-01
      outer loop
         vertex 4.850000e+01 5.285575e+00 4.679114e-01
         vertex 4.850000e+01 5.532089e+00 7.144250e-01
         vertex 4.867365e+01 5.275810e+00 4.795492e-01
      endloop
   endfacet
   facet normal 8.682808e-02 7.044369e-01 -7.044356e-01
      outer loop
         vertex 4.867365e+01 5.275810e+00 4.795492e-01
         vertex 4.850000e+01 5.532089e+00 7.144250e-01
         vertex 4.867365e+01 5.520451e+00 7.241908e-01
      endloop
   endfacet
   facet normal 2.578957e-01 6.831880e-01 -6.831867e-01
      outer loop
         vertex 4.867365e+01 5.275810e+00 4.795492e-01
         vertex 4.867365e+01 5.520451e+00 7.241908e-01
         vertex 4.884202e+01 5.246811e+00 5.141087e-01
      endloop
   endfacet
   facet normal 2.578994e-01 6.831886e-01 -6.831846e-01
      outer loop
         vertex 4.884202e+01 5.246811e+00 5.141087e-01
         vertex 4.867365e+01 5.520451e+00 7.241908e-01
         vertex 4.884202e+01 5.485891e+00 7.531904e-01
      endloop
   endfacet
   facet normal 4.212965e-01 6.412932e-01 -6.412895e-01
      outer loop
         vertex 4.884202e+01 5.246811e+00 5.141087e-01
         vertex 4.884202e+01 5.485891e+00 7.531904e-01
         vertex 4.900000e+01 5.199458e+00 5.705412e-01
      endloop
   endfacet
   facet normal 4.212951e-01 6.412931e-01 -6.412905e-01
      outer loop
         vertex 4.900000e+01 5.199458e+00 5.705412e-01
         vertex 4.884202e+01 5.485891e+00 7.531904e-01
         vertex 4.900000e+01 5.429458e+00 8.005425e-01
      endloop
   endfacet
   facet normal 5.721094e-01 5.799541e-01 -5.799518e-01
      outer loop
         vertex 4.900000e+01 5.199458e+00 5.705412e-01
         vertex 4.900000e+01 5.429458e+00 8.005425e-01
         vertex 4.914279e+01 5.135192e+00 6.471314e-01
      endloop
   endfacet
   facet normal 5.721095e-01 5.799541e-01 -5.799516e-01
      outer loop
         vertex 4.914279e+01 5.135192e+00 6.471314e-01
         vertex 4.900000e+01 5.429458e+00 8.005425e-01
         vertex 4.914279e+01 5.352869e+00 8.648094e-01
      endloop
   endfacet
   facet normal 7.057598e-01 5.009517e-01 -5.009496e-01
      outer loop
         vertex 4.914279e+01 5.135192e+00 6.471314e-01
         vertex 4.914279e+01 5.352869e+00 8.648094e-01
         vertex 4.926605e+01 5.055964e+00 7.415526e-01
      endloop
   endfacet
   facet normal 7.057570e-01 5.009521e-01 -5.009532e-01
      outer loop
         vertex 4.926605e+01 5.055964e+00 7.415526e-01
         vertex 4.914279e+01 5.352869e+00 8.648094e-01
         vertex 4.926605e+01 5.258448e+00 9.440370e-01
      endloop
   endfacet
   facet normal 8.181227e-01 4.066168e-01 -4.066178e-01
      outer loop
         vertex 4.926605e+01 5.055964e+00 7.415526e-01
         vertex 4.926605e+01 5.258448e+00 9.440370e-01
         vertex 4.936603e+01 4.964181e+00 8.509327e-01
      endloop
   endfacet
   facet normal 8.181246e-01 4.066164e-01 -4.066144e-01
      outer loop
         vertex 4.936603e+01 4.964181e+00 8.509327e-01
         vertex 4.926605e+01 5.258448e+00 9.440370e-01
         vertex 4.936603e+01 5.149066e+00 1.035819e+00
      endloop
   endfacet
   facet normal 9.056879e-01 2.997751e-01 -2.997736e-01
      outer loop
         vertex 4.936603e+01 4.964181e+00 8.509327e-01
         vertex 4.936603e+01 5.149066e+00 1.035819e+00
         vertex 4.943969e+01 4.862634e+00 9.719525e-01
      endloop
   endfacet
   facet normal 9.056880e-01 2.997751e-01 -2.997734e-01
      outer loop
         vertex 4.943969e+01 4.862634e+00 9.719525e-01
         vertex 4.936603e+01 5.149066e+00 1.035819e+00
         vertex 4.943969e+01 5.028047e+00 1.137367e+00
      endloop
   endfacet
   facet normal 9.656784e-01 1.836649e-01 -1.836638e-01
      outer loop
         vertex 4.943969e+01 4.862634e+00 9.719525e-01
         vertex 4.943969e+01 5.028047e+00 1.137367e+00
         vertex 4.948481e+01 4.754406e+00 1.100933e+00
      endloop
   endfacet
   facet normal 9.656782e-01 1.836650e-01 -1.836650e-01
      outer loop
         vertex 4.948481e+01 4.754406e+00 1.100933e+00
         vertex 4.943969e+01 5.028047e+00 1.137367e+00
         vertex 4.948481e+01 4.899067e+00 1.245594e+00
      endloop
   endfacet
   facet normal 9.961655e-01 6.186358e-02 -6.186358e-02
      outer loop
         vertex 4.948481e+01 4.754406e+00 1.100933e+00
         vertex 4.948481e+01 4.899067e+00 1.245594e+00
         vertex 4.950000e+01 4.642787e+00 1.233956e+00
      endloop
   endfacet
   facet normal 9.961655e-01 6.186359e-02 -6.186382e-02
      outer loop
         vertex 4.950000e+01 4.642787e+00 1.233956e+00
         vertex 4.948481e+01 4.899067e+00 1.245594e+00
         vertex 4.950000e+01 4.766045e+00 1.357213e+00
      endloop
   endfacet
   facet normal 8.682764e-02 8.160583e-01 -5.714103e-01
      outer loop
         vertex 4.850000e+01 5.532089e+00 7.144250e-01
         vertex 4.850000e+01 5.732051e+00 1.000000e+00
         vertex 4.867365e+01 5.520451e+00 7.241908e-01
      endloop
   endfacet
   facet normal 8.682553e-02 8.160579e-01 -5.714113e-01
      outer loop
         vertex 4.867365e+01 5.520451e+00 7.241908e-01
         vertex 4.850000e+01 5.732051e+00 1.000000e+00
         vertex 4.867365e+01 5.718894e+00 1.007596e+00
      endloop
   endfacet
   facet normal 2.578991e-01 7.914410e-01 -5.541744e-01
      outer loop
         vertex 4.867365e+01 5.520451e+00 7.241908e-01
         vertex 4.867365e+01 5.718894e+00 1.007596e+00
         vertex 4.884202e+01 5.485891e+00 7.531904e-01
      endloop
   endfacet
   facet normal 2.579027e-01 7.914413e-01 -5.541723e-01
      outer loop
         vertex 4.884202e+01 5.485891e+00 7.531904e-01
         vertex 4.867365e+01 5.718894e+00 1.007596e+00
         vertex 4.884202e+01 5.679823e+00 1.030155e+00
      endloop
   endfacet
   facet normal 4.212953e-01 7.429086e-01 -5.201894e-01
      outer loop
         vertex 4.884202e+01 5.485891e+00 7.531904e-01
         vertex 4.884202e+01 5.679823e+00 1.030155e+00
         vertex 4.900000e+01 5.429458e+00 8.005425e-01
      endloop
   endfacet
   facet normal 4.212948e-01 7.429087e-01 -5.201898e-01
      outer loop
         vertex 4.900000e+01 5.429458e+00 8.005425e-01
         vertex 4.884202e+01 5.679823e+00 1.030155e+00
         vertex 4.900000e+01 5.616026e+00 1.066988e+00
      endloop
   endfacet
   facet normal 5.721092e-01 6.718502e-01 -4.704342e-01
      outer loop
         vertex 4.900000e+01 5.429458e+00 8.005425e-01
         vertex 4.900000e+01 5.616026e+00 1.066988e+00
         vertex 4.914279e+01 5.352869e+00 8.648094e-01
      endloop
   endfacet
   facet normal 5.721072e-01 6.718506e-01 -4.704361e-01
      outer loop
         vertex 4.914279e+01 5.352869e+00 8.648094e-01
         vertex 4.900000e+01 5.616026e+00 1.066988e+00
         vertex 4.914279e+01 5.529440e+00 1.116978e+00
      endloop
   endfacet
   facet normal 7.057572e-01 5.803309e-01 -4.063531e-01
      outer loop
         vertex 4.914279e+01 5.352869e+00 8.648094e-01
         vertex 4.914279e+01 5.529440e+00 1.116978e+00
         vertex 4.926605e+01 5.258448e+00 9.440370e-01
      endloop
   endfacet
   facet normal 7.057559e-01 5.803313e-01 -4.063547e-01
      outer loop
         vertex 4.926605e+01 5.258448e+00 9.440370e-01
         vertex 4.914279e+01 5.529440e+00 1.116978e+00
         vertex 4.926605e+01 5.422696e+00 1.178605e+00
      endloop
   endfacet
   facet normal 8.181247e-01 4.710449e-01 -3.298311e-01
      outer loop
         vertex 4.926605e+01 5.258448e+00 9.440370e-01
         vertex 4.926605e+01 5.422696e+00 1.178605e+00
         vertex 4.936603e+01 5.149066e+00 1.035819e+00
      endloop
   endfacet
   facet normal 8.181261e-01 4.710442e-01 -3.298289e-01
      outer loop
         vertex 4.936603e+01 5.149066e+00 1.035819e+00
         vertex 4.926605e+01 5.422696e+00 1.178605e+00
         vertex 4.936603e+01 5.299038e+00 1.250001e+00
      endloop
   endfacet
   facet normal 9.056879e-01 3.472754e-01 -2.431650e-01
      outer loop
         vertex 4.936603e+01 5.149066e+00 1.035819e+00
         vertex 4.936603e+01 5.299038e+00 1.250001e+00
         vertex 4.943969e+01 5.028047e+00 1.137367e+00
      endloop
   endfacet
   facet normal 9.056876e-01 3.472757e-01 -2.431659e-01
      outer loop
         vertex 4.943969e+01 5.028047e+00 1.137367e+00
         vertex 4.936603e+01 5.299038e+00 1.250001e+00
         vertex 4.943969e+01 5.162224e+00 1.328990e+00
      endloop
   endfacet
   facet normal 9.656782e-01 2.127675e-01 -1.489819e-01
      outer loop
         vertex 4.943969e+01 5.028047e+00 1.137367e+00
         vertex 4.943969e+01 5.162224e+00 1.328990e+00
         vertex 4.948481e+01 4.899067e+00 1.245594e+00
      endloop
   endfacet
   facet normal 9.656783e-01 2.127674e-01 -1.489815e-01
      outer loop
         vertex 4.948481e+01 4.899067e+00 1.245594e+00
         vertex 4.943969e+01 5.162224e+00 1.328990e+00
         vertex 4.948481e+01 5.016409e+00 1.413176e+00
      endloop
   endfacet
   facet normal 9.961655e-01 7.166634e-02 -5.018137e-02
      outer loop
         vertex 4.948481e+01 4.899067e+00 1.245594e+00
         vertex 4.948481e+01 5.016409e+00 1.413176e+00
         vertex 4.950000e+01 4.766045e+00 1.357213e+00
      endloop
   endfacet
   facet normal 9.961655e-01 7.166638e-02 -5.018157e-02
      outer loop
         vertex 4.950000e+01 4.766045e+00 1.357213e+00
         vertex 4.948481e+01 5.016409e+00 1.413176e+00
         vertex 4.950000e+01 4.866025e+00 1.499999e+00
      endloop
   endfacet
   facet normal 8.682572e-02 9.028852e-01 -4.210222e-01
      outer loop
         vertex 4.850000e+01 5.732051e+00 1.000000e+00
         vertex 4.850000e+01 5.879385e+00 1.315961e+00
         vertex 4.867365e+01 5.718894e+00 1.007596e+00
      endloop
   endfacet
   facet normal 8.682504e-02 9.028851e-01 -4.210225e-01
      outer loop
         vertex 4.867365e+01 5.718894e+00 1.007596e+00
         vertex 4.850000e+01 5.879385e+00 1.315961e+00
         vertex 4.867365e+01 5.865109e+00 1.321156e+00
      endloop
   endfacet
   facet normal 2.579019e-01 8.756483e-01 -4.083218e-01
      outer loop
         vertex 4.867365e+01 5.718894e+00 1.007596e+00
         vertex 4.867365e+01 5.865109e+00 1.321156e+00
         vertex 4.884202e+01 5.679823e+00 1.030155e+00
      endloop
   endfacet
   facet normal 2.578991e-01 8.756484e-01 -4.083235e-01
      outer loop
         vertex 4.884202e+01 5.679823e+00 1.030155e+00
         vertex 4.867365e+01 5.865109e+00 1.321156e+00
         vertex 4.884202e+01 5.822715e+00 1.336586e+00
      endloop
   endfacet
   facet normal 4.212946e-01 8.219515e-01 -3.832841e-01
      outer loop
         vertex 4.884202e+01 5.679823e+00 1.030155e+00
         vertex 4.884202e+01 5.822715e+00 1.336586e+00
         vertex 4.900000e+01 5.616026e+00 1.066988e+00
      endloop
   endfacet
   facet normal 4.212966e-01 8.219511e-01 -3.832826e-01
      outer loop
         vertex 4.900000e+01 5.616026e+00 1.066988e+00
         vertex 4.884202e+01 5.822715e+00 1.336586e+00
         vertex 4.900000e+01 5.753490e+00 1.361782e+00
      endloop
   endfacet
   facet normal 5.721077e-01 7.433340e-01 -3.466228e-01
      outer loop
         vertex 4.900000e+01 5.616026e+00 1.066988e+00
         vertex 4.900000e+01 5.753490e+00 1.361782e+00
         vertex 4.914279e+01 5.529440e+00 1.116978e+00
      endloop
   endfacet
   facet normal 5.721105e-01 7.433330e-01 -3.466203e-01
      outer loop
         vertex 4.914279e+01 5.529440e+00 1.116978e+00
         vertex 4.900000e+01 5.753490e+00 1.361782e+00
         vertex 4.914279e+01 5.659539e+00 1.395978e+00
      endloop
   endfacet
   facet normal 7.057564e-01 6.420785e-01 -2.994047e-01
      outer loop
         vertex 4.914279e+01 5.529440e+00 1.116978e+00
         vertex 4.914279e+01 5.659539e+00 1.395978e+00
         vertex 4.926605e+01 5.422696e+00 1.178605e+00
      endloop
   endfacet
   facet normal 7.057563e-01 6.420785e-01 -2.994048e-01
      outer loop
         vertex 4.926605e+01 5.422696e+00 1.178605e+00
         vertex 4.914279e+01 5.659539e+00 1.395978e+00
         vertex 4.926605e+01 5.543715e+00 1.438133e+00
      endloop
   endfacet
   facet normal 8.181256e-01 5.211632e-01 -2.430213e-01
      outer loop
         vertex 4.926605e+01 5.422696e+00 1.178605e+00
         vertex 4.926605e+01 5.543715e+00 1.438133e+00
         vertex 4.936603e+01 5.299038e+00 1.250001e+00
      endloop
   endfacet
   facet normal 8.181250e-01 5.211637e-01 -2.430222e-01
      outer loop
         vertex 4.936603e+01 5.299038e+00 1.250001e+00
         vertex 4.926605e+01 5.543715e+00 1.438133e+00
         vertex 4.936603e+01 5.409539e+00 1.486970e+00
      endloop
   endfacet
   facet normal 9.056877e-01 3.842253e-01 -1.791669e-01
      outer loop
         vertex 4.936603e+01 5.299038e+00 1.250001e+00
         vertex 4.936603e+01 5.409539e+00 1.486970e+00
         vertex 4.943969e+01 5.162224e+00 1.328990e+00
      endloop
   endfacet
   facet normal 9.056876e-01 3.842254e-01 -1.791671e-01
      outer loop
         vertex 4.943969e+01 5.162224e+00 1.328990e+00
         vertex 4.936603e+01 5.409539e+00 1.486970e+00
         vertex 4.943969e+01 5.261086e+00 1.541002e+00
      endloop
   endfacet
   facet normal 9.656783e-01 2.354054e-01 -1.097713e-01
      outer loop
         vertex 4.943969e+01 5.162224e+00 1.328990e+00
         vertex 4.943969e+01 5.261086e+00 1.541002e+00
         vertex 4.948481e+01 5.016409e+00 1.413176e+00
      endloop
   endfacet
   facet normal 9.656784e-01 2.354052e-01 -1.097709e-01
      outer loop
         vertex 4.948481e+01 5.016409e+00 1.413176e+00
         vertex 4.943969e+01 5.261086e+00 1.541002e+00
         vertex 4.948481e+01 5.102869e+00 1.598589e+00
      endloop
   endfacet
   facet normal 9.961655e-01 7.929162e-02 -3.697416e-02
      outer loop
         vertex 4.948481e+01 5.016409e+00 1.413176e+00
         vertex 4.948481e+01 5.102869e+00 1.598589e+00
         vertex 4.950000e+01 4.866025e+00 1.499999e+00
      endloop
   endfacet
   facet normal 9.961655e-01 7.929162e-02 -3.697416e-02
      outer loop
         vertex 4.950000e+01 4.866025e+00 1.499999e+00
         vertex 4.948481e+01 5.102869e+00 1.598589e+00
         vertex 4.950000e+01 4.939693e+00 1.657980e+00
      endloop
   endfacet
   facet normal 8.682617e-02 9.622780e-01 -2.578416e-01
      outer loop
         vertex 4.850000e+01 5.879385e+00 1.315961e+00
         vertex 4.850000e+01 5.969616e+00 1.652705e+00
         vertex 4.867365e+01 5.865109e+00 1.321156e+00
      endloop
   endfacet
   facet normal 8.682726e-02 9.622780e-01 -2.578411e-01
      outer loop
         vertex 4.867365e+01 5.865109e+00 1.321156e+00
         vertex 4.850000e+01 5.969616e+00 1.652705e+00
         vertex 4.867365e+01 5.954654e+00 1.655342e+00
      endloop
   endfacet
   facet normal 2.578992e-01 9.332505e-01 -2.500632e-01
      outer loop
         vertex 4.867365e+01 5.865109e+00 1.321156e+00
         vertex 4.867365e+01 5.954654e+00 1.655342e+00
         vertex 4.884202e+01 5.822715e+00 1.336586e+00
      endloop
   endfacet
   facet normal 2.578997e-01 9.332504e-01 -2.500629e-01
      outer loop
         vertex 4.884202e+01 5.822715e+00 1.336586e+00
         vertex 4.867365e+01 5.954654e+00 1.655342e+00
         vertex 4.884202e+01 5.910224e+00 1.663176e+00
      endloop
   endfacet
   facet normal 4.212964e-01 8.760206e-01 -2.347282e-01
      outer loop
         vertex 4.884202e+01 5.822715e+00 1.336586e+00
         vertex 4.884202e+01 5.910224e+00 1.663176e+00
         vertex 4.900000e+01 5.753490e+00 1.361782e+00
      endloop
   endfacet
   facet normal 4.212962e-01 8.760206e-01 -2.347283e-01
      outer loop
         vertex 4.900000e+01 5.753490e+00 1.361782e+00
         vertex 4.884202e+01 5.910224e+00 1.663176e+00
         vertex 4.900000e+01 5.837676e+00 1.675969e+00
      endloop
   endfacet
   facet normal 5.721099e-01 7.922303e-01 -2.122768e-01
      outer loop
         vertex 4.900000e+01 5.753490e+00 1.361782e+00
         vertex 4.900000e+01 5.837676e+00 1.675969e+00
         vertex 4.914279e+01 5.659539e+00 1.395978e+00
      endloop
   endfacet
   facet normal 5.721083e-01 7.922310e-01 -2.122781e-01
      outer loop
         vertex 4.914279e+01 5.659539e+00 1.395978e+00
         vertex 4.900000e+01 5.837676e+00 1.675969e+00
         vertex 4.914279e+01 5.739214e+00 1.693331e+00
      endloop
   endfacet
   facet normal 7.057567e-01 6.843142e-01 -1.833618e-01
      outer loop
         vertex 4.914279e+01 5.659539e+00 1.395978e+00
         vertex 4.914279e+01 5.739214e+00 1.693331e+00
         vertex 4.926605e+01 5.543715e+00 1.438133e+00
      endloop
   endfacet
   facet normal 7.057567e-01 6.843142e-01 -1.833618e-01
      outer loop
         vertex 4.926605e+01 5.543715e+00 1.438133e+00
         vertex 4.914279e+01 5.739214e+00 1.693331e+00
         vertex 4.926605e+01 5.617830e+00 1.714732e+00
      endloop
   endfacet
   facet normal 8.181249e-01 5.554464e-01 -1.488317e-01
      outer loop
         vertex 4.926605e+01 5.543715e+00 1.438133e+00
         vertex 4.926605e+01 5.617830e+00 1.714732e+00
         vertex 4.936603e+01 5.409539e+00 1.486970e+00
      endloop
   endfacet
   facet normal 8.181252e-01 5.554462e-01 -1.488314e-01
      outer loop
         vertex 4.936603e+01 5.409539e+00 1.486970e+00
         vertex 4.926605e+01 5.617830e+00 1.714732e+00
         vertex 4.936603e+01 5.477211e+00 1.739528e+00
      endloop
   endfacet
   facet normal 9.056877e-01 4.094999e-01 -1.097252e-01
      outer loop
         vertex 4.936603e+01 5.409539e+00 1.486970e+00
         vertex 4.936603e+01 5.477211e+00 1.739528e+00
         vertex 4.943969e+01 5.261086e+00 1.541002e+00
      endloop
   endfacet
   facet normal 9.056881e-01 4.094993e-01 -1.097244e-01
      outer loop
         vertex 4.943969e+01 5.261086e+00 1.541002e+00
         vertex 4.936603e+01 5.477211e+00 1.739528e+00
         vertex 4.943969e+01 5.321632e+00 1.766961e+00
      endloop
   endfacet
   facet normal 9.656783e-01 2.508907e-01 -6.722557e-02
      outer loop
         vertex 4.943969e+01 5.261086e+00 1.541002e+00
         vertex 4.943969e+01 5.321632e+00 1.766961e+00
         vertex 4.948481e+01 5.102869e+00 1.598589e+00
      endloop
   endfacet
   facet normal 9.656784e-01 2.508905e-01 -6.722532e-02
      outer loop
         vertex 4.948481e+01 5.102869e+00 1.598589e+00
         vertex 4.943969e+01 5.321632e+00 1.766961e+00
         vertex 4.948481e+01 5.155818e+00 1.796199e+00
      endloop
   endfacet
   facet normal 9.961655e-01 8.450748e-02 -2.264351e-02
      outer loop
         vertex 4.948481e+01 5.102869e+00 1.598589e+00
         vertex 4.948481e+01 5.155818e+00 1.796199e+00
         vertex 4.950000e+01 4.939693e+00 1.657980e+00
      endloop
   endfacet
   facet normal 9.961655e-01 8.450763e-02 -2.264375e-02
      outer loop
         vertex 4.950000e+01 4.939693e+00 1.657980e+00
         vertex 4.948481e+01 5.155818e+00 1.796199e+00
         vertex 4.950000e+01 4.984808e+00 1.826352e+00
      endloop
   endfacet
   facet normal 8.682788e-02 9.924324e-01 -8.682646e-02
      outer loop
         vertex 4.850000e+01 5.969616e+00 1.652705e+00
         vertex 4.850000e+01 6.000000e+00 2.000000e+00
         vertex 4.867365e+01 5.954654e+00 1.655342e+00
      endloop
   endfacet
   facet normal 8.682646e-02 9.924325e-01 -8.682718e-02
      outer loop
         vertex 4.867365e+01 5.954654e+00 1.655342e+00
         vertex 4.850000e+01 6.000000e+00 2.000000e+00
         vertex 4.867365e+01 5.984808e+00 2.000000e+00
      endloop
   endfacet
   facet normal 2.578996e-01 9.624951e-01 -8.420798e-02
      outer loop
         vertex 4.867365e+01 5.954654e+00 1.655342e+00
         vertex 4.867365e+01 5.984808e+00 2.000000e+00
         vertex 4.884202e+01 5.910224e+00 1.663176e+00
      endloop
   endfacet
   facet normal 2.578998e-01 9.624951e-01 -8.420787e-02
      outer loop
         vertex 4.884202e+01 5.910224e+00 1.663176e+00
         vertex 4.867365e+01 5.984808e+00 2.000000e+00
         vertex 4.884202e+01 5.939693e+00 2.000000e+00
      endloop
   endfacet
   facet normal 4.212959e-01 9.034721e-01 -7.904400e-02
      outer loop
         vertex 4.884202e+01 5.910224e+00 1.663176e+00
         vertex 4.884202e+01 5.939693e+00 2.000000e+00
         vertex 4.900000e+01 5.837676e+00 1.675969e+00
      endloop
   endfacet
   facet normal 4.212947e-01 9.034726e-01 -7.904470e-02
      outer loop
         vertex 4.900000e+01 5.837676e+00 1.675969e+00
         vertex 4.884202e+01 5.939693e+00 2.000000e+00
         vertex 4.900000e+01 5.866026e+00 2.000000e+00
      endloop
   endfacet
   facet normal 5.721082e-01 8.170570e-01 -7.148421e-02
      outer loop
         vertex 4.900000e+01 5.837676e+00 1.675969e+00
         vertex 4.900000e+01 5.866026e+00 2.000000e+00
         vertex 4.914279e+01 5.739214e+00 1.693331e+00
      endloop
   endfacet
   facet normal 5.721101e-01 8.170558e-01 -7.148283e-02
      outer loop
         vertex 4.914279e+01 5.739214e+00 1.693331e+00
         vertex 4.900000e+01 5.866026e+00 2.000000e+00
         vertex 4.914279e+01 5.766044e+00 2.000000e+00
      endloop
   endfacet
   facet normal 7.057575e-01 7.057576e-01 -6.174554e-02
      outer loop
         vertex 4.914279e+01 5.739214e+00 1.693331e+00
         vertex 4.914279e+01 5.766044e+00 2.000000e+00
         vertex 4.926605e+01 5.617830e+00 1.714732e+00
      endloop
   endfacet
   facet normal 7.057576e-01 7.057576e-01 -6.174549e-02
      outer loop
         vertex 4.926605e+01 5.617830e+00 1.714732e+00
         vertex 4.914279e+01 5.766044e+00 2.000000e+00
         vertex 4.926605e+01 5.642788e+00 2.000000e+00
      endloop
   endfacet
   facet normal 8.181249e-01 5.728523e-01 -5.011785e-02
      outer loop
         vertex 4.926605e+01 5.617830e+00 1.714732e+00
         vertex 4.926605e+01 5.642788e+00 2.000000e+00
         vertex 4.936603e+01 5.477211e+00 1.739528e+00
      endloop
   endfacet
   facet normal 8.181244e-01 5.728530e-01 -5.011850e-02
      outer loop
         vertex 4.936603e+01 5.477211e+00 1.739528e+00
         vertex 4.926605e+01 5.642788e+00 2.000000e+00
         vertex 4.936603e+01 5.500000e+00 2.000000e+00
      endloop
   endfacet
   facet normal 9.056880e-01 4.223315e-01 -3.694948e-02
      outer loop
         vertex 4.936603e+01 5.477211e+00 1.739528e+00
         vertex 4.936603e+01 5.500000e+00 2.000000e+00
         vertex 4.943969e+01 5.321632e+00 1.766961e+00
      endloop
   endfacet
   facet normal 9.056879e-01 4.223317e-01 -3.694964e-02
      outer loop
         vertex 4.943969e+01 5.321632e+00 1.766961e+00
         vertex 4.936603e+01 5.500000e+00 2.000000e+00
         vertex 4.943969e+01 5.342020e+00 2.000000e+00
      endloop
   endfacet
   facet normal 9.656783e-01 2.587525e-01 -2.263816e-02
      outer loop
         vertex 4.943969e+01 5.321632e+00 1.766961e+00
         vertex 4.943969e+01 5.342020e+00 2.000000e+00
         vertex 4.948481e+01 5.155818e+00 1.796199e+00
      endloop
   endfacet
   facet normal 9.656783e-01 2.587527e-01 -2.263835e-02
      outer loop
         vertex 4.948481e+01 5.155818e+00 1.796199e+00
         vertex 4.943969e+01 5.342020e+00 2.000000e+00
         vertex 4.948481e+01 5.173648e+00 2.000000e+00
      endloop
   endfacet
   facet normal 9.961655e-01 8.715569e-02 -7.625277e-03
      outer loop
         vertex 4.948481e+01 5.155818e+00 1.796199e+00
         vertex 4.948481e+01 5.173648e+00 2.000000e+00
         vertex 4.950000e+01 4.984808e+00 1.826352e+00
      endloop
   endfacet
   facet normal 9.961655e-01 8.715550e-02 -7.625066e-03
      outer loop
         vertex 4.950000e+01 4.984808e+00 1.826352e+00
         vertex 4.948481e+01 5.173648e+00 2.000000e+00
         vertex 4.950000e+01 5.000000e+00 2.000000e+00
      endloop
   endfacet
   facet normal 8.715297e-02 0.000000e+00 -9.961949e-01
      outer loop
         vertex 4.850000e+01 2.000000e+00 0.000000e+00
         vertex 4.850000e+01 4.000000e+00 0.000000e+00
         vertex 4.867365e+01 4.000000e+00 1.519173e-02
      endloop
   endfacet
   facet normal 8.715297e-02 0.000000e+00 -9.961949e-01
      outer loop
         vertex 4.850000e+01 2.000000e+00 0.000000e+00
         vertex 4.867365e+01 4.000000e+00 1.519173e-02
         vertex 4.867365e+01 2.000000e+00 1.519173e-02
      endloop
   endfacet
   facet normal 2.588191e-01 0.000000e+00 -9.659258e-01
      outer loop
         vertex 4.867365e+01 2.000000e+00 1.519173e-02
         vertex 4.867365e+01 4.000000e+00 1.519173e-02
         vertex 4.884202e+01 4.000000e+00 6.030686e-02
      endloop
   endfacet
   facet normal 2.588191e-01 0.000000e+00 -9.659258e-01
      outer loop
         vertex 4.867365e+01 2.000000e+00 1.519173e-02
         vertex 4.884202e+01 4.000000e+00 6.030686e-02
         vertex 4.884202e+01 2.000000e+00 6.030686e-02
      endloop
   endfacet
   facet normal 4.226193e-01 0.000000e+00 -9.063073e-01
      outer loop
         vertex 4.884202e+01 2.000000e+00 6.030686e-02
         vertex 4.884202e+01 4.000000e+00 6.030686e-02
         vertex 4.900000e+01 4.000000e+00 1.339745e-01
      endloop
   endfacet
   facet normal 4.226193e-01 0.000000e+00 -9.063073e-01
      outer loop
         vertex 4.884202e+01 2.000000e+00 6.030686e-02
         vertex 4.900000e+01 4.000000e+00 1.339745e-01
         vertex 4.900000e+01 2.000000e+00 1.339745e-01
      endloop
   endfacet
   facet normal 5.735774e-01 0.000000e+00 -8.191513e-01
      outer loop
         vertex 4.900000e+01 2.000000e+00 1.339745e-01
         vertex 4.900000e+01 4.000000e+00 1.339745e-01
         vertex 4.914279e+01 4.000000e+00 2.339557e-01
      endloop
   endfacet
   facet normal 5.735774e-01 0.000000e+00 -8.191513e-01
      outer loop
         vertex 4.900000e+01 2.000000e+00 1.339745e-01
         vertex 4.914279e+01 4.000000e+00 2.339557e-01
         vertex 4.914279e+01 2.000000e+00 2.339557e-01
      endloop
   endfacet
   facet normal 7.071068e-01 0.000000e+00 -7.071068e-01
      outer loop
         vertex 4.914279e+01 2.000000e+00 2.339557e-01
         vertex 4.914279e+01 4.000000e+00 2.339557e-01
         vertex 4.926605e+01 4.000000e+00 3.572125e-01
      endloop
   endfacet
   facet normal 7.071068e-01 0.000000e+00 -7.071068e-01
      outer loop
         vertex 4.914279e+01 2.000000e+00 2.339557e-01
         vertex 4.926605e+01 4.000000e+00 3.572125e-01
         vertex 4.926605e+01 2.000000e+00 3.572125e-01
      endloop
   endfacet
   facet normal 8.191556e-01 0.000000e+00 -5.735713e-01
      outer loop
         vertex 4.926605e+01 2.000000e+00 3.572125e-01
         vertex 4.926605e+01 4.000000e+00 3.572125e-01
         vertex 4.936603e+01 4.000000e+00 5.000010e-01
      endloop
   endfacet
   facet normal 8.191556e-01 0.000000e+00 -5.735713e-01
      outer loop
         vertex 4.926605e+01 2.000000e+00 3.572125e-01
         vertex 4.936603e+01 4.000000e+00 5.000010e-01
         vertex 4.936603e+01 2.000000e+00 5.000010e-01
      endloop
   endfacet
   facet normal 9.063054e-01 0.000000e+00 -4.226234e-01
      outer loop
         vertex 4.936603e+01 2.000000e+00 5.000010e-01
         vertex 4.936603e+01 4.000000e+00 5.000010e-01
         vertex 4.943969e+01 4.000000e+00 6.579794e-01
      endloop
   endfacet
   facet normal 9.063054e-01 0.000000e+00 -4.226234e-01
      outer loop
         vertex 4.936603e+01 2.000000e+00 5.000010e-01
         vertex 4.943969e+01 4.000000e+00 6.579794e-01
         vertex 4.943969e+01 2.000000e+00 6.579794e-01
      endloop
   endfacet
   facet normal 9.659258e-01 0.000000e+00 -2.588191e-01
      outer loop
         vertex 4.943969e+01 2.000000e+00 6.579794e-01
         vertex 4.943969e+01 4.000000e+00 6.579794e-01
         vertex 4.948481e+01 4.000000e+00 8.263513e-01
      endloop
   endfacet
   facet normal 9.659258e-01 0.000000e+00 -2.588191e-01
      outer loop
         vertex 4.943969e+01 2.000000e+00 6.579794e-01
         vertex 4.948481e+01 4.000000e+00 8.263513e-01
         vertex 4.948481e+01 2.000000e+00 8.263513e-01
      endloop
   endfacet
   facet normal 9.961945e-01 0.000000e+00 -8.715780e-02
      outer loop
         vertex 4.948481e+01 2.000000e+00 8.263513e-01
         vertex 4.948481e+01 4.000000e+00 8.263513e-01
         vertex 4.950000e+01 4.000000e+00 1.000000e+00
      endloop
   endfacet
   facet normal 9.961945e-01 0.000000e+00 -8.715780e-02
      outer loop
         vertex 4.948481e+01 2.000000e+00 8.263513e-01
         vertex 4.950000e+01 4.000000e+00 1.000000e+00
         vertex 4.950000e+01 2.000000e+00 1.000000e+00
      endloop
   endfacet
   facet normal 8.715562e-02 9.961947e-01 -0.000000e+00
      outer loop
         vertex 4.850000e+01 6.000000e+00 4.200000e+01
         vertex 4.850000e+01 6.000000e+00 4.600000e+01
         vertex 4.867365e+01 5.984808e+00 4.600000e+01
      endloop
   endfacet
   facet normal 8.715562e-02 9.961947e-01 0.000000e+00
      outer loop
         vertex 4.850000e+01 6.000000e+00 4.200000e+01
         vertex 4.867365e+01 5.984808e+00 4.600000e+01
         vertex 4.867365e+01 5.984808e+00 4.200000e+01
      endloop
   endfacet
   facet normal 2.588191e-01 9.659258e-01 -0.000000e+00
      outer loop
         vertex 4.867365e+01 5.984808e+00 4.200000e+01
         vertex 4.867365e+01 5.984808e+00 4.600000e+01
         vertex 4.884202e+01 5.939693e+00 4.600000e+01
      endloop
   endfacet
   facet normal 2.588191e-01 9.659258e-01 0.000000e+00
      outer loop
         vertex 4.867365e+01 5.984808e+00 4.200000e+01
         vertex 4.884202e+01 5.939693e+00 4.600000e+01
         vertex 4.884202e+01 5.939693e+00 4.200000e+01
      endloop
   endfacet
   facet normal 4.226171e-01 9.063083e-01 -0.000000e+00
      outer loop
         vertex 4.884202e+01 5.939693e+00 4.200000e+01
         vertex 4.884202e+01 5.939693e+00 4.600000e+01
         vertex 4.900000e+01 5.866026e+00 4.600000e+01
      endloop
   endfacet
   facet normal 4.226171e-01 9.063083e-01 0.000000e+00
      outer loop
         vertex 4.884202e+01 5.939693e+00 4.200000e+01
         vertex 4.900000e+01 5.866026e+00 4.600000e+01
         vertex 4.900000e+01 5.866026e+00 4.200000e+01
      endloop
   endfacet
   facet normal 5.735774e-01 8.191513e-01 -0.000000e+00
      outer loop
         vertex 4.900000e+01 5.866026e+00 4.200000e+01
         vertex 4.900000e+01 5.866026e+00 4.600000e+01
         vertex 4.914279e+01 5.766044e+00 4.600000e+01
      endloop
   endfacet
   facet normal 5.735774e-01 8.191513e-01 0.000000e+00
      outer loop
         vertex 4.900000e+01 5.866026e+00 4.200000e+01
         vertex 4.914279e+01 5.766044e+00 4.600000e+01
         vertex 4.914279e+01 5.766044e+00 4.200000e+01
      endloop
   endfacet
   facet normal 7.071068e-01 7.071068e-01 -0.000000e+00
      outer loop
         vertex 4.914279e+01 5.766044e+00 4.200000e+01
         vertex 4.914279e+01 5.766044e+00 4.600000e+01
         vertex 4.926605e+01 5.642788e+00 4.600000e+01
      endloop
   endfacet
   facet normal 7.071068e-01 7.071068e-01 0.000000e+00
      outer loop
         vertex 4.914279e+01 5.766044e+00 4.200000e+01
         vertex 4.926605e+01 5.642788e+00 4.600000e+01
         vertex 4.926605e+01 5.642788e+00 4.200000e+01
      endloop
   endfacet
   facet normal 8.191538e-01 5.735739e-01 -0.000000e+00
      outer loop
         vertex 4.926605e+01 5.642788e+00 4.200000e+01
         vertex 4.926605e+01 5.642788e+00 4.600000e+01
         vertex 4.936603e+01 5.500000e+00 4.600000e+01
      endloop
   endfacet
   facet normal 8.191538e-01 5.735739e-01 0.000000e+00
      outer loop
         vertex 4.926605e+01 5.642788e+00 4.200000e+01
         vertex 4.936603e+01 5.500000e+00 4.600000e+01
         vertex 4.936603e+01 5.500000e+00 4.200000e+01
      endloop
   endfacet
   facet normal 9.063068e-01 4.226203e-01 -0.000000e+00
      outer loop
         vertex 4.936603e+01 5.500000e+00 4.200000e+01
         vertex 4.936603e+01 5.500000e+00 4.600000e+01
         vertex 4.943969e+01 5.342020e+00 4.600000e+01
      endloop
   endfacet
   facet normal 9.063068e-01 4.226203e-01 0.000000e+00
      outer loop
         vertex 4.936603e+01 5.500000e+00 4.200000e+01
         vertex 4.943969e+01 5.342020e+00 4.600000e+01
         vertex 4.943969e+01 5.342020e+00 4.200000e+01
      endloop
   endfacet
   facet normal 9.659258e-01 2.588191e-01 -0.000000e+00
      outer loop
         vertex 4.943969e+01 5.342020e+00 4.200000e+01
         vertex 4.943969e+01 5.342020e+00 4.600000e+01
         vertex 4.948481e+01 5.173648e+00 4.600000e+01
      endloop
   endfacet
   facet normal 9.659258e-01 2.588191e-01 0.000000e+00
      outer loop
         vertex 4.943969e+01 5.342020e+00 4.200000e+01
         vertex 4.948481e+01 5.173648e+00 4.600000e+01
         vertex 4.948481e+01 5.173648e+00 4.200000e+01
      endloop
   endfacet
   facet normal 9.961945e-01 8.715804e-02 -0.000000e+00
      outer loop
         vertex 4.948481e+01 5.173648e+00 4.200000e+01
         vertex 4.948481e+01 5.173648e+00 4.600000e+01
         vertex 4.950000e+01 5.000000e+00 4.600000e+01
      endloop
   endfacet
   facet normal 9.961945e-01 8.715804e-02 0.000000e+00
      outer loop
         vertex 4.948481e+01 5.173648e+00 4.200000e+01
         vertex 4.950000e+01 5.000000e+00 4.600000e+01
         vertex 4.950000e+01 5.000000e+00 4.200000e+01
      endloop
   endfacet
   facet normal 9.961656e-01 7.624853e-03 8.715527e-02
      outer loop
         vertex 4.950000e+01 4.000000e+00 4.700000e+01
         vertex 4.950000e+01 4.173648e+00 4.698481e+01
         vertex 4.948481e+01 4.000000e+00 4.717365e+01
      endloop
   endfacet
   facet normal 9.961655e-01 7.625471e-03 8.715583e-02
      outer loop
         vertex 4.948481e+01 4.000000e+00 4.717365e+01
         vertex 4.950000e+01 4.173648e+00 4.698481e+01
         vertex 4.948481e+01 4.203802e+00 4.715582e+01
      endloop
   endfacet
   facet normal 9.656783e-01 2.263889e-02 2.587527e-01
      outer loop
         vertex 4.948481e+01 4.000000e+00 4.717365e+01
         vertex 4.948481e+01 4.203802e+00 4.715582e+01
         vertex 4.943969e+01 4.000000e+00 4.734202e+01
      endloop
   endfacet
   facet normal 9.656785e-01 2.263810e-02 2.587519e-01
      outer loop
         vertex 4.943969e+01 4.000000e+00 4.734202e+01
         vertex 4.948481e+01 4.203802e+00 4.715582e+01
         vertex 4.943969e+01 4.233039e+00 4.732163e+01
      endloop
   endfacet
   facet normal 9.056865e-01 3.694990e-02 4.223348e-01
      outer loop
         vertex 4.943969e+01 4.000000e+00 4.734202e+01
         vertex 4.943969e+01 4.233039e+00 4.732163e+01
         vertex 4.936603e+01 4.000000e+00 4.750000e+01
      endloop
   endfacet
   facet normal 9.056875e-01 3.694808e-02 4.223328e-01
      outer loop
         vertex 4.936603e+01 4.000000e+00 4.750000e+01
         vertex 4.943969e+01 4.233039e+00 4.732163e+01
         vertex 4.936603e+01 4.260472e+00 4.747721e+01
      endloop
   endfacet
   facet normal 8.181262e-01 5.011623e-02 5.728506e-01
      outer loop
         vertex 4.936603e+01 4.000000e+00 4.750000e+01
         vertex 4.936603e+01 4.260472e+00 4.747721e+01
         vertex 4.926605e+01 4.000000e+00 4.764279e+01
      endloop
   endfacet
   facet normal 8.181248e-01 5.011803e-02 5.728525e-01
      outer loop
         vertex 4.926605e+01 4.000000e+00 4.764279e+01
         vertex 4.936603e+01 4.260472e+00 4.747721e+01
         vertex 4.926605e+01 4.285267e+00 4.761783e+01
      endloop
   endfacet
   facet normal 7.057576e-01 6.174569e-02 7.057576e-01
      outer loop
         vertex 4.926605e+01 4.000000e+00 4.764279e+01
         vertex 4.926605e+01 4.285267e+00 4.761783e+01
         vertex 4.914279e+01 4.000000e+00 4.776604e+01
      endloop
   endfacet
   facet normal 7.057592e-01 6.174424e-02 7.057561e-01
      outer loop
         vertex 4.914279e+01 4.000000e+00 4.776604e+01
         vertex 4.926605e+01 4.285267e+00 4.761783e+01
         vertex 4.914279e+01 4.306670e+00 4.773922e+01
      endloop
   endfacet
   facet normal 5.721102e-01 7.148149e-02 8.170559e-01
      outer loop
         vertex 4.914279e+01 4.000000e+00 4.776604e+01
         vertex 4.914279e+01 4.306670e+00 4.773922e+01
         vertex 4.900000e+01 4.000000e+00 4.786603e+01
      endloop
   endfacet
   facet normal 5.721064e-01 7.148422e-02 8.170583e-01
      outer loop
         vertex 4.900000e+01 4.000000e+00 4.786603e+01
         vertex 4.914279e+01 4.306670e+00 4.773922e+01
         vertex 4.900000e+01 4.324032e+00 4.783768e+01
      endloop
   endfacet
   facet normal 4.212969e-01 7.904449e-02 9.034716e-01
      outer loop
         vertex 4.900000e+01 4.000000e+00 4.786603e+01
         vertex 4.900000e+01 4.324032e+00 4.783768e+01
         vertex 4.884202e+01 4.000000e+00 4.793969e+01
      endloop
   endfacet
   facet normal 4.212957e-01 7.904525e-02 9.034721e-01
      outer loop
         vertex 4.884202e+01 4.000000e+00 4.793969e+01
         vertex 4.900000e+01 4.324032e+00 4.783768e+01
         vertex 4.884202e+01 4.336824e+00 4.791022e+01
      endloop
   endfacet
   facet normal 2.578998e-01 8.420919e-02 9.624950e-01
      outer loop
         vertex 4.884202e+01 4.000000e+00 4.793969e+01
         vertex 4.884202e+01 4.336824e+00 4.791022e+01
         vertex 4.867365e+01 4.000000e+00 4.798481e+01
      endloop
   endfacet
   facet normal 2.578996e-01 8.420927e-02 9.624950e-01
      outer loop
         vertex 4.867365e+01 4.000000e+00 4.798481e+01
         vertex 4.884202e+01 4.336824e+00 4.791022e+01
         vertex 4.867365e+01 4.344658e+00 4.795465e+01
      endloop
   endfacet
   facet normal 8.682381e-02 8.682853e-02 9.924326e-01
      outer loop
         vertex 4.867365e+01 4.000000e+00 4.798481e+01
         vertex 4.867365e+01 4.344658e+00 4.795465e+01
         vertex 4.850000e+01 4.000000e+00 4.800000e+01
      endloop
   endfacet
   facet normal 8.682285e-02 8.682902e-02 9.924326e-01
      outer loop
         vertex 4.850000e+01 4.000000e+00 4.800000e+01
         vertex 4.867365e+01 4.344658e+00 4.795465e+01
         vertex 4.850000e+01 4.347296e+00 4.796962e+01
      endloop
   endfacet
   facet normal 9.961655e-01 2.264376e-02 8.450768e-02
      outer loop
         vertex 4.950000e+01 4.173648e+00 4.698481e+01
         vertex 4.950000e+01 4.342020e+00 4.693969e+01
         vertex 4.948481e+01 4.203802e+00 4.715582e+01
      endloop
   endfacet
   facet normal 9.961655e-01 2.264383e-02 8.450772e-02
      outer loop
         vertex 4.948481e+01 4.203802e+00 4.715582e+01
         vertex 4.950000e+01 4.342020e+00 4.693969e+01
         vertex 4.948481e+01 4.401411e+00 4.710287e+01
      endloop
   endfacet
   facet normal 9.656785e-01 6.722591e-02 2.508899e-01
      outer loop
         vertex 4.948481e+01 4.203802e+00 4.715582e+01
         vertex 4.948481e+01 4.401411e+00 4.710287e+01
         vertex 4.943969e+01 4.233039e+00 4.732163e+01
      endloop
   endfacet
   facet normal 9.656786e-01 6.722558e-02 2.508897e-01
      outer loop
         vertex 4.943969e+01 4.233039e+00 4.732163e+01
         vertex 4.948481e+01 4.401411e+00 4.710287e+01
         vertex 4.943969e+01 4.458998e+00 4.726109e+01
      endloop
   endfacet
   facet normal 9.056876e-01 1.097251e-01 4.095002e-01
      outer loop
         vertex 4.943969e+01 4.233039e+00 4.732163e+01
         vertex 4.943969e+01 4.458998e+00 4.726109e+01
         vertex 4.936603e+01 4.260472e+00 4.747721e+01
      endloop
   endfacet
   facet normal 9.056884e-01 1.097234e-01 4.094989e-01
      outer loop
         vertex 4.936603e+01 4.260472e+00 4.747721e+01
         vertex 4.943969e+01 4.458998e+00 4.726109e+01
         vertex 4.936603e+01 4.513030e+00 4.740954e+01
      endloop
   endfacet
   facet normal 8.181248e-01 1.488296e-01 5.554472e-01
      outer loop
         vertex 4.936603e+01 4.260472e+00 4.747721e+01
         vertex 4.936603e+01 4.513030e+00 4.740954e+01
         vertex 4.926605e+01 4.285267e+00 4.761783e+01
      endloop
   endfacet
   facet normal 8.181230e-01 1.488322e-01 5.554492e-01
      outer loop
         vertex 4.926605e+01 4.285267e+00 4.761783e+01
         vertex 4.936603e+01 4.513030e+00 4.740954e+01
         vertex 4.926605e+01 4.561867e+00 4.754372e+01
      endloop
   endfacet
   facet normal 7.057591e-01 1.833609e-01 6.843120e-01
      outer loop
         vertex 4.926605e+01 4.285267e+00 4.761783e+01
         vertex 4.926605e+01 4.561867e+00 4.754372e+01
         vertex 4.914279e+01 4.306670e+00 4.773922e+01
      endloop
   endfacet
   facet normal 7.057562e-01 1.833640e-01 6.843141e-01
      outer loop
         vertex 4.914279e+01 4.306670e+00 4.773922e+01
         vertex 4.926605e+01 4.561867e+00 4.754372e+01
         vertex 4.914279e+01 4.604023e+00 4.765954e+01
      endloop
   endfacet
   facet normal 5.721065e-01 2.122808e-01 7.922317e-01
      outer loop
         vertex 4.914279e+01 4.306670e+00 4.773922e+01
         vertex 4.914279e+01 4.604023e+00 4.765954e+01
         vertex 4.900000e+01 4.324032e+00 4.783768e+01
      endloop
   endfacet
   facet normal 5.721107e-01 2.122773e-01 7.922296e-01
      outer loop
         vertex 4.900000e+01 4.324032e+00 4.783768e+01
         vertex 4.914279e+01 4.604023e+00 4.765954e+01
         vertex 4.900000e+01 4.638218e+00 4.775349e+01
      endloop
   endfacet
   facet normal 4.212956e-01 2.347290e-01 8.760207e-01
      outer loop
         vertex 4.900000e+01 4.324032e+00 4.783768e+01
         vertex 4.900000e+01 4.638218e+00 4.775349e+01
         vertex 4.884202e+01 4.336824e+00 4.791022e+01
      endloop
   endfacet
   facet normal 4.212979e-01 2.347275e-01 8.760200e-01
      outer loop
         vertex 4.884202e+01 4.336824e+00 4.791022e+01
         vertex 4.900000e+01 4.638218e+00 4.775349e+01
         vertex 4.884202e+01 4.663414e+00 4.782272e+01
      endloop
   endfacet
   facet normal 2.578997e-01 2.500623e-01 9.332506e-01
      outer loop
         vertex 4.884202e+01 4.336824e+00 4.791022e+01
         vertex 4.884202e+01 4.663414e+00 4.782272e+01
         vertex 4.867365e+01 4.344658e+00 4.795465e+01
      endloop
   endfacet
   facet normal 2.578968e-01 2.500640e-01 9.332509e-01
      outer loop
         vertex 4.867365e+01 4.344658e+00 4.795465e+01
         vertex 4.884202e+01 4.663414e+00 4.782272e+01
         vertex 4.867365e+01 4.678844e+00 4.786511e+01
      endloop
   endfacet
   facet normal 8.682282e-02 2.578418e-01 9.622782e-01
      outer loop
         vertex 4.867365e+01 4.344658e+00 4.795465e+01
         vertex 4.867365e+01 4.678844e+00 4.786511e+01
         vertex 4.850000e+01 4.347296e+00 4.796962e+01
      endloop
   endfacet
   facet normal 8.682311e-02 2.578417e-01 9.622782e-01
      outer loop
         vertex 4.850000e+01 4.347296e+00 4.796962e+01
         vertex 4.867365e+01 4.678844e+00 4.786511e+01
         vertex 4.850000e+01 4.684040e+00 4.787938e+01
      endloop
   endfacet
   facet normal 9.961655e-01 3.697455e-02 7.929172e-02
      outer loop
         vertex 4.950000e+01 4.342020e+00 4.693969e+01
         vertex 4.950000e+01 4.500000e+00 4.686603e+01
         vertex 4.948481e+01 4.401411e+00 4.710287e+01
      endloop
   endfacet
   facet normal 9.961656e-01 3.697375e-02 7.929139e-02
      outer loop
         vertex 4.948481e+01 4.401411e+00 4.710287e+01
         vertex 4.950000e+01 4.500000e+00 4.686603e+01
         vertex 4.948481e+01 4.586824e+00 4.701641e+01
      endloop
   endfacet
   facet normal 9.656786e-01 1.097698e-01 2.354049e-01
      outer loop
         vertex 4.948481e+01 4.401411e+00 4.710287e+01
         vertex 4.948481e+01 4.586824e+00 4.701641e+01
         vertex 4.943969e+01 4.458998e+00 4.726109e+01
      endloop
   endfacet
   facet normal 9.656780e-01 1.097724e-01 2.354062e-01
      outer loop
         vertex 4.943969e+01 4.458998e+00 4.726109e+01
         vertex 4.948481e+01 4.586824e+00 4.701641e+01
         vertex 4.943969e+01 4.671010e+00 4.716222e+01
      endloop
   endfacet
   facet normal 9.056884e-01 1.791674e-01 3.842233e-01
      outer loop
         vertex 4.943969e+01 4.458998e+00 4.726109e+01
         vertex 4.943969e+01 4.671010e+00 4.716222e+01
         vertex 4.936603e+01 4.513030e+00 4.740954e+01
      endloop
   endfacet
   facet normal 9.056884e-01 1.791675e-01 3.842233e-01
      outer loop
         vertex 4.936603e+01 4.513030e+00 4.740954e+01
         vertex 4.943969e+01 4.671010e+00 4.716222e+01
         vertex 4.936603e+01 4.750000e+00 4.729904e+01
      endloop
   endfacet
   facet normal 8.181230e-01 2.430252e-01 5.211656e-01
      outer loop
         vertex 4.936603e+01 4.513030e+00 4.740954e+01
         vertex 4.936603e+01 4.750000e+00 4.729904e+01
         vertex 4.926605e+01 4.561867e+00 4.754372e+01
      endloop
   endfacet
   facet normal 8.181238e-01 2.430239e-01 5.211649e-01
      outer loop
         vertex 4.926605e+01 4.561867e+00 4.754372e+01
         vertex 4.936603e+01 4.750000e+00 4.729904e+01
         vertex 4.926605e+01 4.821394e+00 4.742270e+01
      endloop
   endfacet
   facet normal 7.057562e-01 2.994067e-01 6.420778e-01
      outer loop
         vertex 4.926605e+01 4.561867e+00 4.754372e+01
         vertex 4.926605e+01 4.821394e+00 4.742270e+01
         vertex 4.914279e+01 4.604023e+00 4.765954e+01
      endloop
   endfacet
   facet normal 7.057599e-01 2.994023e-01 6.420757e-01
      outer loop
         vertex 4.914279e+01 4.604023e+00 4.765954e+01
         vertex 4.926605e+01 4.821394e+00 4.742270e+01
         vertex 4.914279e+01 4.883022e+00 4.752944e+01
      endloop
   endfacet
   facet normal 5.721107e-01 3.466191e-01 7.433334e-01
      outer loop
         vertex 4.914279e+01 4.604023e+00 4.765954e+01
         vertex 4.914279e+01 4.883022e+00 4.752944e+01
         vertex 4.900000e+01 4.638218e+00 4.775349e+01
      endloop
   endfacet
   facet normal 5.721059e-01 3.466234e-01 7.433351e-01
      outer loop
         vertex 4.900000e+01 4.638218e+00 4.775349e+01
         vertex 4.914279e+01 4.883022e+00 4.752944e+01
         vertex 4.900000e+01 4.933013e+00 4.761603e+01
      endloop
   endfacet
   facet normal 4.212977e-01 3.832825e-01 8.219506e-01
      outer loop
         vertex 4.900000e+01 4.638218e+00 4.775349e+01
         vertex 4.900000e+01 4.933013e+00 4.761603e+01
         vertex 4.884202e+01 4.663414e+00 4.782272e+01
      endloop
   endfacet
   facet normal 4.212946e-01 3.832847e-01 8.219512e-01
      outer loop
         vertex 4.884202e+01 4.663414e+00 4.782272e+01
         vertex 4.900000e+01 4.933013e+00 4.761603e+01
         vertex 4.884202e+01 4.969846e+00 4.767982e+01
      endloop
   endfacet
   facet normal 2.578968e-01 4.083244e-01 8.756486e-01
      outer loop
         vertex 4.884202e+01 4.663414e+00 4.782272e+01
         vertex 4.884202e+01 4.969846e+00 4.767982e+01
         vertex 4.867365e+01 4.678844e+00 4.786511e+01
      endloop
   endfacet
   facet normal 2.578998e-01 4.083226e-01 8.756485e-01
      outer loop
         vertex 4.867365e+01 4.678844e+00 4.786511e+01
         vertex 4.884202e+01 4.969846e+00 4.767982e+01
         vertex 4.867365e+01 4.992404e+00 4.771889e+01
      endloop
   endfacet
   facet normal 8.682359e-02 4.210231e-01 9.028849e-01
      outer loop
         vertex 4.867365e+01 4.678844e+00 4.786511e+01
         vertex 4.867365e+01 4.992404e+00 4.771889e+01
         vertex 4.850000e+01 4.684040e+00 4.787938e+01
      endloop
   endfacet
   facet normal 8.683051e-02 4.210197e-01 9.028858e-01
      outer loop
         vertex 4.850000e+01 4.684040e+00 4.787938e+01
         vertex 4.867365e+01 4.992404e+00 4.771889e+01
         vertex 4.850000e+01 5.000000e+00 4.773205e+01
      endloop
   endfacet
   facet normal 9.961656e-01 5.018124e-02 7.166604e-02
      outer loop
         vertex 4.950000e+01 4.500000e+00 4.686603e+01
         vertex 4.950000e+01 4.642787e+00 4.676604e+01
         vertex 4.948481e+01 4.586824e+00 4.701641e+01
      endloop
   endfacet
   facet normal 9.961655e-01 5.018139e-02 7.166608e-02
      outer loop
         vertex 4.948481e+01 4.586824e+00 4.701641e+01
         vertex 4.950000e+01 4.642787e+00 4.676604e+01
         vertex 4.948481e+01 4.754406e+00 4.689907e+01
      endloop
   endfacet
   facet normal 9.656780e-01 1.489826e-01 2.127680e-01
      outer loop
         vertex 4.948481e+01 4.586824e+00 4.701641e+01
         vertex 4.948481e+01 4.754406e+00 4.689907e+01
         vertex 4.943969e+01 4.671010e+00 4.716222e+01
      endloop
   endfacet
   facet normal 9.656784e-01 1.489805e-01 2.127675e-01
      outer loop
         vertex 4.943969e+01 4.671010e+00 4.716222e+01
         vertex 4.948481e+01 4.754406e+00 4.689907e+01
         vertex 4.943969e+01 4.862634e+00 4.702805e+01
      endloop
   endfacet
   facet normal 9.056883e-01 2.431635e-01 3.472755e-01
      outer loop
         vertex 4.943969e+01 4.671010e+00 4.716222e+01
         vertex 4.943969e+01 4.862634e+00 4.702805e+01
         vertex 4.936603e+01 4.750000e+00 4.729904e+01
      endloop
   endfacet
   facet normal 9.056880e-01 2.431642e-01 3.472757e-01
      outer loop
         vertex 4.936603e+01 4.750000e+00 4.729904e+01
         vertex 4.943969e+01 4.862634e+00 4.702805e+01
         vertex 4.936603e+01 4.964181e+00 4.714907e+01
      endloop
   endfacet
   facet normal 8.181239e-01 3.298298e-01 4.710474e-01
      outer loop
         vertex 4.936603e+01 4.750000e+00 4.729904e+01
         vertex 4.936603e+01 4.964181e+00 4.714907e+01
         vertex 4.926605e+01 4.821394e+00 4.742270e+01
      endloop
   endfacet
   facet normal 8.181223e-01 3.298324e-01 4.710483e-01
      outer loop
         vertex 4.926605e+01 4.821394e+00 4.742270e+01
         vertex 4.936603e+01 4.964181e+00 4.714907e+01
         vertex 4.926605e+01 5.055964e+00 4.725845e+01
      endloop
   endfacet
   facet normal 7.057597e-01 4.063517e-01 5.803288e-01
      outer loop
         vertex 4.926605e+01 4.821394e+00 4.742270e+01
         vertex 4.926605e+01 5.055964e+00 4.725845e+01
         vertex 4.914279e+01 4.883022e+00 4.752944e+01
      endloop
   endfacet
   facet normal 7.057602e-01 4.063511e-01 5.803286e-01
      outer loop
         vertex 4.914279e+01 4.883022e+00 4.752944e+01
         vertex 4.926605e+01 5.055964e+00 4.725845e+01
         vertex 4.914279e+01 5.135192e+00 4.735287e+01
      endloop
   endfacet
   facet normal 5.721063e-01 4.704361e-01 6.718513e-01
      outer loop
         vertex 4.914279e+01 4.883022e+00 4.752944e+01
         vertex 4.914279e+01 5.135192e+00 4.735287e+01
         vertex 4.900000e+01 4.933013e+00 4.761603e+01
      endloop
   endfacet
   facet normal 5.721096e-01 4.704330e-01 6.718507e-01
      outer loop
         vertex 4.900000e+01 4.933013e+00 4.761603e+01
         vertex 4.914279e+01 5.135192e+00 4.735287e+01
         vertex 4.900000e+01 5.199458e+00 4.742946e+01
      endloop
   endfacet
   facet normal 4.212948e-01 5.201886e-01 7.429094e-01
      outer loop
         vertex 4.900000e+01 4.933013e+00 4.761603e+01
         vertex 4.900000e+01 5.199458e+00 4.742946e+01
         vertex 4.884202e+01 4.969846e+00 4.767982e+01
      endloop
   endfacet
   facet normal 4.212965e-01 5.201874e-01 7.429094e-01
      outer loop
         vertex 4.884202e+01 4.969846e+00 4.767982e+01
         vertex 4.900000e+01 5.199458e+00 4.742946e+01
         vertex 4.884202e+01 5.246811e+00 4.748589e+01
      endloop
   endfacet
   facet normal 2.578998e-01 5.541709e-01 7.914431e-01
      outer loop
         vertex 4.884202e+01 4.969846e+00 4.767982e+01
         vertex 4.884202e+01 5.246811e+00 4.748589e+01
         vertex 4.867365e+01 4.992404e+00 4.771889e+01
      endloop
   endfacet
   facet normal 2.578956e-01 5.541734e-01 7.914428e-01
      outer loop
         vertex 4.867365e+01 4.992404e+00 4.771889e+01
         vertex 4.884202e+01 5.246811e+00 4.748589e+01
         vertex 4.867365e+01 5.275810e+00 4.752045e+01
      endloop
   endfacet
   facet normal 8.682989e-02 5.714096e-01 8.160586e-01
      outer loop
         vertex 4.867365e+01 4.992404e+00 4.771889e+01
         vertex 4.867365e+01 5.275810e+00 4.752045e+01
         vertex 4.850000e+01 5.000000e+00 4.773205e+01
      endloop
   endfacet
   facet normal 8.682613e-02 5.714113e-01 8.160578e-01
      outer loop
         vertex 4.850000e+01 5.000000e+00 4.773205e+01
         vertex 4.867365e+01 5.275810e+00 4.752045e+01
         vertex 4.850000e+01 5.285575e+00 4.753209e+01
      endloop
   endfacet
   facet normal 9.961655e-01 6.186345e-02 6.186369e-02
      outer loop
         vertex 4.950000e+01 4.642787e+00 4.676604e+01
         vertex 4.950000e+01 4.766045e+00 4.664279e+01
         vertex 4.948481e+01 4.754406e+00 4.689907e+01
      endloop
   endfacet
   facet normal 9.961655e-01 6.186370e-02 6.186370e-02
      outer loop
         vertex 4.948481e+01 4.754406e+00 4.689907e+01
         vertex 4.950000e+01 4.766045e+00 4.664279e+01
         vertex 4.948481e+01 4.899067e+00 4.675441e+01
      endloop
   endfacet
   facet normal 9.656784e-01 1.836643e-01 1.836643e-01
      outer loop
         vertex 4.948481e+01 4.754406e+00 4.689907e+01
         vertex 4.948481e+01 4.899067e+00 4.675441e+01
         vertex 4.943969e+01 4.862634e+00 4.702805e+01
      endloop
   endfacet
   facet normal 9.656782e-01 1.836655e-01 1.836644e-01
      outer loop
         vertex 4.943969e+01 4.862634e+00 4.702805e+01
         vertex 4.948481e+01 4.899067e+00 4.675441e+01
         vertex 4.943969e+01 5.028047e+00 4.686263e+01
      endloop
   endfacet
   facet normal 9.056879e-01 2.997752e-01 2.997735e-01
      outer loop
         vertex 4.943969e+01 4.862634e+00 4.702805e+01
         vertex 4.943969e+01 5.028047e+00 4.686263e+01
         vertex 4.936603e+01 4.964181e+00 4.714907e+01
      endloop
   endfacet
   facet normal 9.056880e-01 2.997750e-01 2.997735e-01
      outer loop
         vertex 4.936603e+01 4.964181e+00 4.714907e+01
         vertex 4.943969e+01 5.028047e+00 4.686263e+01
         vertex 4.936603e+01 5.149066e+00 4.696418e+01
      endloop
   endfacet
   facet normal 8.181226e-01 4.066184e-01 4.066164e-01
      outer loop
         vertex 4.936603e+01 4.964181e+00 4.714907e+01
         vertex 4.936603e+01 5.149066e+00 4.696418e+01
         vertex 4.926605e+01 5.055964e+00 4.725845e+01
      endloop
   endfacet
   facet normal 8.181245e-01 4.066150e-01 4.066159e-01
      outer loop
         vertex 4.926605e+01 5.055964e+00 4.725845e+01
         vertex 4.936603e+01 5.149066e+00 4.696418e+01
         vertex 4.926605e+01 5.258448e+00 4.705596e+01
      endloop
   endfacet
   facet normal 7.057599e-01 5.009500e-01 5.009512e-01
      outer loop
         vertex 4.926605e+01 5.055964e+00 4.725845e+01
         vertex 4.926605e+01 5.258448e+00 4.705596e+01
         vertex 4.914279e+01 5.135192e+00 4.735287e+01
      endloop
   endfacet
   facet normal 7.057571e-01 5.009536e-01 5.009515e-01
      outer loop
         vertex 4.914279e+01 5.135192e+00 4.735287e+01
         vertex 4.926605e+01 5.258448e+00 4.705596e+01
         vertex 4.914279e+01 5.352869e+00 4.713519e+01
      endloop
   endfacet
   facet normal 5.721094e-01 5.799542e-01 5.799517e-01
      outer loop
         vertex 4.914279e+01 5.135192e+00 4.735287e+01
         vertex 4.914279e+01 5.352869e+00 4.713519e+01
         vertex 4.900000e+01 5.199458e+00 4.742946e+01
      endloop
   endfacet
   facet normal 5.721095e-01 5.799540e-01 5.799517e-01
      outer loop
         vertex 4.900000e+01 5.199458e+00 4.742946e+01
         vertex 4.914279e+01 5.352869e+00 4.713519e+01
         vertex 4.900000e+01 5.429458e+00 4.719946e+01
      endloop
   endfacet
   facet normal 4.212966e-01 6.412927e-01 6.412901e-01
      outer loop
         vertex 4.900000e+01 5.199458e+00 4.742946e+01
         vertex 4.900000e+01 5.429458e+00 4.719946e+01
         vertex 4.884202e+01 5.246811e+00 4.748589e+01
      endloop
   endfacet
   facet normal 4.212951e-01 6.412937e-01 6.412899e-01
      outer loop
         vertex 4.884202e+01 5.246811e+00 4.748589e+01
         vertex 4.900000e+01 5.429458e+00 4.719946e+01
         vertex 4.884202e+01 5.485891e+00 4.724681e+01
      endloop
   endfacet
   facet normal 2.578957e-01 6.831893e-01 6.831853e-01
      outer loop
         vertex 4.884202e+01 5.246811e+00 4.748589e+01
         vertex 4.884202e+01 5.485891e+00 4.724681e+01
         vertex 4.867365e+01 5.275810e+00 4.752045e+01
      endloop
   endfacet
   facet normal 2.578993e-01 6.831873e-01 6.831860e-01
      outer loop
         vertex 4.867365e+01 5.275810e+00 4.752045e+01
         vertex 4.884202e+01 5.485891e+00 4.724681e+01
         vertex 4.867365e+01 5.520451e+00 4.727581e+01
      endloop
   endfacet
   facet normal 8.682619e-02 7.044370e-01 7.044357e-01
      outer loop
         vertex 4.867365e+01 5.275810e+00 4.752045e+01
         vertex 4.867365e+01 5.520451e+00 4.727581e+01
         vertex 4.850000e+01 5.285575e+00 4.753209e+01
      endloop
   endfacet
   facet normal 8.682807e-02 7.044363e-01 7.044363e-01
      outer loop
         vertex 4.850000e+01 5.285575e+00 4.753209e+01
         vertex 4.867365e+01 5.520451e+00 4.727581e+01
         vertex 4.850000e+01 5.532089e+00 4.728558e+01
      endloop
   endfacet
   facet normal 9.961655e-01 7.166625e-02 5.018148e-02
      outer loop
         vertex 4.950000e+01 4.766045e+00 4.664279e+01
         vertex 4.950000e+01 4.866025e+00 4.650000e+01
         vertex 4.948481e+01 4.899067e+00 4.675441e+01
      endloop
   endfacet
   facet normal 9.961655e-01 7.166645e-02 5.018145e-02
      outer loop
         vertex 4.948481e+01 4.899067e+00 4.675441e+01
         vertex 4.950000e+01 4.866025e+00 4.650000e+01
         vertex 4.948481e+01 5.016409e+00 4.658682e+01
      endloop
   endfacet
   facet normal 9.656782e-01 2.127677e-01 1.489817e-01
      outer loop
         vertex 4.948481e+01 4.899067e+00 4.675441e+01
         vertex 4.948481e+01 5.016409e+00 4.658682e+01
         vertex 4.943969e+01 5.028047e+00 4.686263e+01
      endloop
   endfacet
   facet normal 9.656783e-01 2.127673e-01 1.489818e-01
      outer loop
         vertex 4.943969e+01 5.028047e+00 4.686263e+01
         vertex 4.948481e+01 5.016409e+00 4.658682e+01
         vertex 4.943969e+01 5.162224e+00 4.667101e+01
      endloop
   endfacet
   facet normal 9.056879e-01 3.472750e-01 2.431654e-01
      outer loop
         vertex 4.943969e+01 5.028047e+00 4.686263e+01
         vertex 4.943969e+01 5.162224e+00 4.667101e+01
         vertex 4.936603e+01 5.149066e+00 4.696418e+01
      endloop
   endfacet
   facet normal 9.056876e-01 3.472760e-01 2.431654e-01
      outer loop
         vertex 4.936603e+01 5.149066e+00 4.696418e+01
         vertex 4.943969e+01 5.162224e+00 4.667101e+01
         vertex 4.936603e+01 5.299038e+00 4.675000e+01
      endloop
   endfacet
   facet normal 8.181247e-01 4.710458e-01 3.298300e-01
      outer loop
         vertex 4.936603e+01 5.149066e+00 4.696418e+01
         vertex 4.936603e+01 5.299038e+00 4.675000e+01
         vertex 4.926605e+01 5.258448e+00 4.705596e+01
      endloop
   endfacet
   facet normal 8.181260e-01 4.710435e-01 3.298301e-01
      outer loop
         vertex 4.926605e+01 5.258448e+00 4.705596e+01
         vertex 4.936603e+01 5.299038e+00 4.675000e+01
         vertex 4.926605e+01 5.422696e+00 4.682139e+01
      endloop
   endfacet
   facet normal 7.057573e-01 5.803302e-01 4.063540e-01
      outer loop
         vertex 4.926605e+01 5.258448e+00 4.705596e+01
         vertex 4.926605e+01 5.422696e+00 4.682139e+01
         vertex 4.914279e+01 5.352869e+00 4.713519e+01
      endloop
   endfacet
   facet normal 7.057560e-01 5.803319e-01 4.063538e-01
      outer loop
         vertex 4.914279e+01 5.352869e+00 4.713519e+01
         vertex 4.926605e+01 5.422696e+00 4.682139e+01
         vertex 4.914279e+01 5.529440e+00 4.688302e+01
      endloop
   endfacet
   facet normal 5.721093e-01 6.718494e-01 4.704353e-01
      outer loop
         vertex 4.914279e+01 5.352869e+00 4.713519e+01
         vertex 4.914279e+01 5.529440e+00 4.688302e+01
         vertex 4.900000e+01 5.429458e+00 4.719946e+01
      endloop
   endfacet
   facet normal 5.721072e-01 6.718514e-01 4.704350e-01
      outer loop
         vertex 4.900000e+01 5.429458e+00 4.719946e+01
         vertex 4.914279e+01 5.529440e+00 4.688302e+01
         vertex 4.900000e+01 5.616026e+00 4.693301e+01
      endloop
   endfacet
   facet normal 4.212953e-01 7.429085e-01 5.201897e-01
      outer loop
         vertex 4.900000e+01 5.429458e+00 4.719946e+01
         vertex 4.900000e+01 5.616026e+00 4.693301e+01
         vertex 4.884202e+01 5.485891e+00 4.724681e+01
      endloop
   endfacet
   facet normal 4.212948e-01 7.429088e-01 5.201896e-01
      outer loop
         vertex 4.884202e+01 5.485891e+00 4.724681e+01
         vertex 4.900000e+01 5.616026e+00 4.693301e+01
         vertex 4.884202e+01 5.679823e+00 4.696985e+01
      endloop
   endfacet
   facet normal 2.578991e-01 7.914421e-01 5.541728e-01
      outer loop
         vertex 4.884202e+01 5.485891e+00 4.724681e+01
         vertex 4.884202e+01 5.679823e+00 4.696985e+01
         vertex 4.867365e+01 5.520451e+00 4.727581e+01
      endloop
   endfacet
   facet normal 2.579026e-01 7.914402e-01 5.541738e-01
      outer loop
         vertex 4.867365e+01 5.520451e+00 4.727581e+01
         vertex 4.884202e+01 5.679823e+00 4.696985e+01
         vertex 4.867365e+01 5.718894e+00 4.699240e+01
      endloop
   endfacet
   facet normal 8.682765e-02 8.160577e-01 5.714112e-01
      outer loop
         vertex 4.867365e+01 5.520451e+00 4.727581e+01
         vertex 4.867365e+01 5.718894e+00 4.699240e+01
         vertex 4.850000e+01 5.532089e+00 4.728558e+01
      endloop
   endfacet
   facet normal 8.682554e-02 8.160585e-01 5.714105e-01
      outer loop
         vertex 4.850000e+01 5.532089e+00 4.728558e+01
         vertex 4.867365e+01 5.718894e+00 4.699240e+01
         vertex 4.850000e+01 5.732051e+00 4.700000e+01
      endloop
   endfacet
   facet normal 9.961655e-01 7.929162e-02 3.697416e-02
      outer loop
         vertex 4.950000e+01 4.866025e+00 4.650000e+01
         vertex 4.950000e+01 4.939693e+00 4.634202e+01
         vertex 4.948481e+01 5.016409e+00 4.658682e+01
      endloop
   endfacet
   facet normal 9.961655e-01 7.929162e-02 3.697416e-02
      outer loop
         vertex 4.948481e+01 5.016409e+00 4.658682e+01
         vertex 4.950000e+01 4.939693e+00 4.634202e+01
         vertex 4.948481e+01 5.102869e+00 4.640141e+01
      endloop
   endfacet
   facet normal 9.656783e-01 2.354056e-01 1.097710e-01
      outer loop
         vertex 4.948481e+01 5.016409e+00 4.658682e+01
         vertex 4.948481e+01 5.102869e+00 4.640141e+01
         vertex 4.943969e+01 5.162224e+00 4.667101e+01
      endloop
   endfacet
   facet normal 9.656784e-01 2.354051e-01 1.097711e-01
      outer loop
         vertex 4.943969e+01 5.162224e+00 4.667101e+01
         vertex 4.948481e+01 5.102869e+00 4.640141e+01
         vertex 4.943969e+01 5.261086e+00 4.645900e+01
      endloop
   endfacet
   facet normal 9.056877e-01 3.842252e-01 1.791670e-01
      outer loop
         vertex 4.943969e+01 5.162224e+00 4.667101e+01
         vertex 4.943969e+01 5.261086e+00 4.645900e+01
         vertex 4.936603e+01 5.299038e+00 4.675000e+01
      endloop
   endfacet
   facet normal 9.056876e-01 3.842254e-01 1.791670e-01
      outer loop
         vertex 4.936603e+01 5.299038e+00 4.675000e+01
         vertex 4.943969e+01 5.261086e+00 4.645900e+01
         vertex 4.936603e+01 5.409539e+00 4.651303e+01
      endloop
   endfacet
   facet normal 8.181257e-01 5.211629e-01 2.430219e-01
      outer loop
         vertex 4.936603e+01 5.299038e+00 4.675000e+01
         vertex 4.936603e+01 5.409539e+00 4.651303e+01
         vertex 4.926605e+01 5.422696e+00 4.682139e+01
      endloop
   endfacet
   facet normal 8.181251e-01 5.211639e-01 2.430216e-01
      outer loop
         vertex 4.926605e+01 5.422696e+00 4.682139e+01
         vertex 4.936603e+01 5.409539e+00 4.651303e+01
         vertex 4.926605e+01 5.543715e+00 4.656187e+01
      endloop
   endfacet
   facet normal 7.057564e-01 6.420785e-01 2.994047e-01
      outer loop
         vertex 4.926605e+01 5.422696e+00 4.682139e+01
         vertex 4.926605e+01 5.543715e+00 4.656187e+01
         vertex 4.914279e+01 5.529440e+00 4.688302e+01
      endloop
   endfacet
   facet normal 7.057563e-01 6.420785e-01 2.994047e-01
      outer loop
         vertex 4.914279e+01 5.529440e+00 4.688302e+01
         vertex 4.926605e+01 5.543715e+00 4.656187e+01
         vertex 4.914279e+01 5.659539e+00 4.660402e+01
      endloop
   endfacet
   facet normal 5.721076e-01 7.433349e-01 3.466211e-01
      outer loop
         vertex 4.914279e+01 5.529440e+00 4.688302e+01
         vertex 4.914279e+01 5.659539e+00 4.660402e+01
         vertex 4.900000e+01 5.616026e+00 4.693301e+01
      endloop
   endfacet
   facet normal 5.721104e-01 7.433323e-01 3.466220e-01
      outer loop
         vertex 4.900000e+01 5.616026e+00 4.693301e+01
         vertex 4.914279e+01 5.659539e+00 4.660402e+01
         vertex 4.900000e+01 5.753490e+00 4.663822e+01
      endloop
   endfacet
   facet normal 4.212946e-01 8.219520e-01 3.832830e-01
      outer loop
         vertex 4.900000e+01 5.616026e+00 4.693301e+01
         vertex 4.900000e+01 5.753490e+00 4.663822e+01
         vertex 4.884202e+01 5.679823e+00 4.696985e+01
      endloop
   endfacet
   facet normal 4.212966e-01 8.219506e-01 3.832837e-01
      outer loop
         vertex 4.884202e+01 5.679823e+00 4.696985e+01
         vertex 4.900000e+01 5.753490e+00 4.663822e+01
         vertex 4.884202e+01 5.822715e+00 4.666341e+01
      endloop
   endfacet
   facet normal 2.579019e-01 8.756477e-01 4.083231e-01
      outer loop
         vertex 4.884202e+01 5.679823e+00 4.696985e+01
         vertex 4.884202e+01 5.822715e+00 4.666341e+01
         vertex 4.867365e+01 5.718894e+00 4.699240e+01
      endloop
   endfacet
   facet normal 2.578991e-01 8.756490e-01 4.083221e-01
      outer loop
         vertex 4.867365e+01 5.718894e+00 4.699240e+01
         vertex 4.884202e+01 5.822715e+00 4.666341e+01
         vertex 4.867365e+01 5.865109e+00 4.667884e+01
      endloop
   endfacet
   facet normal 8.682572e-02 9.028850e-01 4.210225e-01
      outer loop
         vertex 4.867365e+01 5.718894e+00 4.699240e+01
         vertex 4.867365e+01 5.865109e+00 4.667884e+01
         vertex 4.850000e+01 5.732051e+00 4.700000e+01
      endloop
   endfacet
   facet normal 8.682504e-02 9.028852e-01 4.210222e-01
      outer loop
         vertex 4.850000e+01 5.732051e+00 4.700000e+01
         vertex 4.867365e+01 5.865109e+00 4.667884e+01
         vertex 4.850000e+01 5.879385e+00 4.668404e+01
      endloop
   endfacet
   facet normal 9.961655e-01 8.450742e-02 2.264369e-02
      outer loop
         vertex 4.950000e+01 4.939693e+00 4.634202e+01
         vertex 4.950000e+01 4.984808e+00 4.617365e+01
         vertex 4.948481e+01 5.102869e+00 4.640141e+01
      endloop
   endfacet
   facet normal 9.961655e-01 8.450767e-02 2.264356e-02
      outer loop
         vertex 4.948481e+01 5.102869e+00 4.640141e+01
         vertex 4.950000e+01 4.984808e+00 4.617365e+01
         vertex 4.948481e+01 5.155818e+00 4.620380e+01
      endloop
   endfacet
   facet normal 9.656783e-01 2.508907e-01 6.722539e-02
      outer loop
         vertex 4.948481e+01 5.102869e+00 4.640141e+01
         vertex 4.948481e+01 5.155818e+00 4.620380e+01
         vertex 4.943969e+01 5.261086e+00 4.645900e+01
      endloop
   endfacet
   facet normal 9.656784e-01 2.508905e-01 6.722551e-02
      outer loop
         vertex 4.943969e+01 5.261086e+00 4.645900e+01
         vertex 4.948481e+01 5.155818e+00 4.620380e+01
         vertex 4.943969e+01 5.321632e+00 4.623304e+01
      endloop
   endfacet
   facet normal 9.056877e-01 4.095001e-01 1.097246e-01
      outer loop
         vertex 4.943969e+01 5.261086e+00 4.645900e+01
         vertex 4.943969e+01 5.321632e+00 4.623304e+01
         vertex 4.936603e+01 5.409539e+00 4.651303e+01
      endloop
   endfacet
   facet normal 9.056880e-01 4.094992e-01 1.097250e-01
      outer loop
         vertex 4.936603e+01 5.409539e+00 4.651303e+01
         vertex 4.943969e+01 5.321632e+00 4.623304e+01
         vertex 4.936603e+01 5.477211e+00 4.626047e+01
      endloop
   endfacet
   facet normal 8.181249e-01 5.554465e-01 1.488315e-01
      outer loop
         vertex 4.936603e+01 5.409539e+00 4.651303e+01
         vertex 4.936603e+01 5.477211e+00 4.626047e+01
         vertex 4.926605e+01 5.543715e+00 4.656187e+01
      endloop
   endfacet
   facet normal 8.181252e-01 5.554461e-01 1.488316e-01
      outer loop
         vertex 4.926605e+01 5.543715e+00 4.656187e+01
         vertex 4.936603e+01 5.477211e+00 4.626047e+01
         vertex 4.926605e+01 5.617830e+00 4.628527e+01
      endloop
   endfacet
   facet normal 7.057567e-01 6.843142e-01 1.833618e-01
      outer loop
         vertex 4.926605e+01 5.543715e+00 4.656187e+01
         vertex 4.926605e+01 5.617830e+00 4.628527e+01
         vertex 4.914279e+01 5.659539e+00 4.660402e+01
      endloop
   endfacet
   facet normal 7.057567e-01 6.843142e-01 1.833618e-01
      outer loop
         vertex 4.914279e+01 5.659539e+00 4.660402e+01
         vertex 4.926605e+01 5.617830e+00 4.628527e+01
         vertex 4.914279e+01 5.739214e+00 4.630667e+01
      endloop
   endfacet
   facet normal 5.721099e-01 7.922300e-01 2.122778e-01
      outer loop
         vertex 4.914279e+01 5.659539e+00 4.660402e+01
         vertex 4.914279e+01 5.739214e+00 4.630667e+01
         vertex 4.900000e+01 5.753490e+00 4.663822e+01
      endloop
   endfacet
   facet normal 5.721084e-01 7.922313e-01 2.122771e-01
      outer loop
         vertex 4.900000e+01 5.753490e+00 4.663822e+01
         vertex 4.914279e+01 5.739214e+00 4.630667e+01
         vertex 4.900000e+01 5.837676e+00 4.632403e+01
      endloop
   endfacet
   facet normal 4.212964e-01 8.760205e-01 2.347283e-01
      outer loop
         vertex 4.900000e+01 5.753490e+00 4.663822e+01
         vertex 4.900000e+01 5.837676e+00 4.632403e+01
         vertex 4.884202e+01 5.822715e+00 4.666341e+01
      endloop
   endfacet
   facet normal 4.212962e-01 8.760206e-01 2.347282e-01
      outer loop
         vertex 4.884202e+01 5.822715e+00 4.666341e+01
         vertex 4.900000e+01 5.837676e+00 4.632403e+01
         vertex 4.884202e+01 5.910224e+00 4.633682e+01
      endloop
   endfacet
   facet normal 2.578992e-01 9.332505e-01 2.500629e-01
      outer loop
         vertex 4.884202e+01 5.822715e+00 4.666341e+01
         vertex 4.884202e+01 5.910224e+00 4.633682e+01
         vertex 4.867365e+01 5.865109e+00 4.667884e+01
      endloop
   endfacet
   facet normal 2.578997e-01 9.332503e-01 2.500631e-01
      outer loop
         vertex 4.867365e+01 5.865109e+00 4.667884e+01
         vertex 4.884202e+01 5.910224e+00 4.633682e+01
         vertex 4.867365e+01 5.954654e+00 4.634466e+01
      endloop
   endfacet
   facet normal 8.682617e-02 9.622781e-01 2.578411e-01
      outer loop
         vertex 4.867365e+01 5.865109e+00 4.667884e+01
         vertex 4.867365e+01 5.954654e+00 4.634466e+01
         vertex 4.850000e+01 5.879385e+00 4.668404e+01
      endloop
   endfacet
   facet normal 8.682725e-02 9.622779e-01 2.578416e-01
      outer loop
         vertex 4.850000e+01 5.879385e+00 4.668404e+01
         vertex 4.867365e+01 5.954654e+00 4.634466e+01
         vertex 4.850000e+01 5.969616e+00 4.634730e+01
      endloop
   endfacet
   facet normal 9.961655e-01 8.715573e-02 7.625086e-03
      outer loop
         vertex 4.950000e+01 4.984808e+00 4.617365e+01
         vertex 4.950000e+01 5.000000e+00 4.600000e+01
         vertex 4.948481e+01 5.155818e+00 4.620380e+01
      endloop
   endfacet
   facet normal 9.961655e-01 8.715550e-02 7.625260e-03
      outer loop
         vertex 4.948481e+01 5.155818e+00 4.620380e+01
         vertex 4.950000e+01 5.000000e+00 4.600000e+01
         vertex 4.948481e+01 5.173648e+00 4.600000e+01
      endloop
   endfacet
   facet normal 9.656783e-01 2.587525e-01 2.263833e-02
      outer loop
         vertex 4.948481e+01 5.155818e+00 4.620380e+01
         vertex 4.948481e+01 5.173648e+00 4.600000e+01
         vertex 4.943969e+01 5.321632e+00 4.623304e+01
      endloop
   endfacet
   facet normal 9.656783e-01 2.587527e-01 2.263817e-02
      outer loop
         vertex 4.943969e+01 5.321632e+00 4.623304e+01
         vertex 4.948481e+01 5.173648e+00 4.600000e+01
         vertex 4.943969e+01 5.342020e+00 4.600000e+01
      endloop
   endfacet
   facet normal 9.056880e-01 4.223315e-01 3.694962e-02
      outer loop
         vertex 4.943969e+01 5.321632e+00 4.623304e+01
         vertex 4.943969e+01 5.342020e+00 4.600000e+01
         vertex 4.936603e+01 5.477211e+00 4.626047e+01
      endloop
   endfacet
   facet normal 9.056879e-01 4.223317e-01 3.694949e-02
      outer loop
         vertex 4.936603e+01 5.477211e+00 4.626047e+01
         vertex 4.943969e+01 5.342020e+00 4.600000e+01
         vertex 4.936603e+01 5.500000e+00 4.600000e+01
      endloop
   endfacet
   facet normal 8.181250e-01 5.728522e-01 5.011843e-02
      outer loop
         vertex 4.936603e+01 5.477211e+00 4.626047e+01
         vertex 4.936603e+01 5.500000e+00 4.600000e+01
         vertex 4.926605e+01 5.617830e+00 4.628527e+01
      endloop
   endfacet
   facet normal 8.181244e-01 5.728531e-01 5.011791e-02
      outer loop
         vertex 4.926605e+01 5.617830e+00 4.628527e+01
         vertex 4.936603e+01 5.500000e+00 4.600000e+01
         vertex 4.926605e+01 5.642788e+00 4.600000e+01
      endloop
   endfacet
   facet normal 7.057575e-01 7.057576e-01 6.174550e-02
      outer loop
         vertex 4.926605e+01 5.617830e+00 4.628527e+01
         vertex 4.926605e+01 5.642788e+00 4.600000e+01
         vertex 4.914279e+01 5.739214e+00 4.630667e+01
      endloop
   endfacet
   facet normal 7.057576e-01 7.057576e-01 6.174554e-02
      outer loop
         vertex 4.914279e+01 5.739214e+00 4.630667e+01
         vertex 4.926605e+01 5.642788e+00 4.600000e+01
         vertex 4.914279e+01 5.766044e+00 4.600000e+01
      endloop
   endfacet
   facet normal 5.721082e-01 8.170572e-01 7.148295e-02
      outer loop
         vertex 4.914279e+01 5.739214e+00 4.630667e+01
         vertex 4.914279e+01 5.766044e+00 4.600000e+01
         vertex 4.900000e+01 5.837676e+00 4.632403e+01
      endloop
   endfacet
   facet normal 5.721101e-01 8.170557e-01 7.148410e-02
      outer loop
         vertex 4.900000e+01 5.837676e+00 4.632403e+01
         vertex 4.914279e+01 5.766044e+00 4.600000e+01
         vertex 4.900000e+01 5.866026e+00 4.600000e+01
      endloop
   endfacet
   facet normal 4.212959e-01 9.034720e-01 7.904465e-02
      outer loop
         vertex 4.900000e+01 5.837676e+00 4.632403e+01
         vertex 4.900000e+01 5.866026e+00 4.600000e+01
         vertex 4.884202e+01 5.910224e+00 4.633682e+01
      endloop
   endfacet
   facet normal 4.212948e-01 9.034726e-01 7.904405e-02
      outer loop
         vertex 4.884202e+01 5.910224e+00 4.633682e+01
         vertex 4.900000e+01 5.866026e+00 4.600000e+01
         vertex 4.884202e+01 5.939693e+00 4.600000e+01
      endloop
   endfacet
   facet normal 2.578996e-01 9.624951e-01 8.420788e-02
      outer loop
         vertex 4.884202e+01 5.910224e+00 4.633682e+01
         vertex 4.884202e+01 5.939693e+00 4.600000e+01
         vertex 4.867365e+01 5.954654e+00 4.634466e+01
      endloop
   endfacet
   facet normal 2.578998e-01 9.624950e-01 8.420798e-02
      outer loop
         vertex 4.867365e+01 5.954654e+00 4.634466e+01
         vertex 4.884202e+01 5.939693e+00 4.600000e+01
         vertex 4.867365e+01 5.984808e+00 4.600000e+01
      endloop
   endfacet
   facet normal 8.682789e-02 9.924323e-01 8.682717e-02
      outer loop
         vertex 4.867365e+01 5.954654e+00 4.634466e+01
         vertex 4.867365e+01 5.984808e+00 4.600000e+01
         vertex 4.850000e+01 5.969616e+00 4.634730e+01
      endloop
   endfacet
   facet normal 8.682647e-02 9.924325e-01 8.682647e-02
      outer loop
         vertex 4.850000e+01 5.969616e+00 4.634730e+01
         vertex 4.867365e+01 5.984808e+00 4.600000e+01
         vertex 4.850000e+01 6.000000e+00 4.600000e+01
      endloop
   endfacet
   facet normal 9.961945e-01 -0.000000e+00 8.715780e-02
      outer loop
         vertex 4.950000e+01 2.000000e+00 4.700000e+01
         vertex 4.950000e+01 4.000000e+00 4.700000e+01
         vertex 4.948481e+01 4.000000e+00 4.717365e+01
      endloop
   endfacet
   facet normal 9.961945e-01 0.000000e+00 8.715780e-02
      outer loop
         vertex 4.950000e+01 2.000000e+00 4.700000e+01
         vertex 4.948481e+01 4.000000e+00 4.717365e+01
         vertex 4.948481e+01 2.000000e+00 4.717365e+01
      endloop
   endfacet
   facet normal 9.659258e-01 -0.000000e+00 2.588191e-01
      outer loop
         vertex 4.948481e+01 2.000000e+00 4.717365e+01
         vertex 4.948481e+01 4.000000e+00 4.717365e+01
         vertex 4.943969e+01 4.000000e+00 4.734202e+01
      endloop
   endfacet
   facet normal 9.659258e-01 0.000000e+00 2.588191e-01
      outer loop
         vertex 4.948481e+01 2.000000e+00 4.717365e+01
         vertex 4.943969e+01 4.000000e+00 4.734202e+01
         vertex 4.943969e+01 2.000000e+00 4.734202e+01
      endloop
   endfacet
   facet normal 9.063054e-01 -0.000000e+00 4.226234e-01
      outer loop
         vertex 4.943969e+01 2.000000e+00 4.734202e+01
         vertex 4.943969e+01 4.000000e+00 4.734202e+01
         vertex 4.936603e+01 4.000000e+00 4.750000e+01
      endloop
   endfacet
   facet normal 9.063054e-01 0.000000e+00 4.226234e-01
      outer loop
         vertex 4.943969e+01 2.000000e+00 4.734202e+01
         vertex 4.936603e+01 4.000000e+00 4.750000e+01
         vertex 4.936603e+01 2.000000e+00 4.750000e+01
      endloop
   endfacet
   facet normal 8.191556e-01 -0.000000e+00 5.735713e-01
      outer loop
         vertex 4.936603e+01 2.000000e+00 4.750000e+01
         vertex 4.936603e+01 4.000000e+00 4.750000e+01
         vertex 4.926605e+01 4.000000e+00 4.764279e+01
      endloop
   endfacet
   facet normal 8.191556e-01 0.000000e+00 5.735713e-01
      outer loop
         vertex 4.936603e+01 2.000000e+00 4.750000e+01
         vertex 4.926605e+01 4.000000e+00 4.764279e+01
         vertex 4.926605e+01 2.000000e+00 4.764279e+01
      endloop
   endfacet
   facet normal 7.071068e-01 -0.000000e+00 7.071068e-01
      outer loop
         vertex 4.926605e+01 2.000000e+00 4.764279e+01
         vertex 4.926605e+01 4.000000e+00 4.764279e+01
         vertex 4.914279e+01 4.000000e+00 4.776604e+01
      endloop
   endfacet
   facet normal 7.071068e-01 0.000000e+00 7.071068e-01
      outer loop
         vertex 4.926605e+01 2.000000e+00 4.764279e+01
         vertex 4.914279e+01 4.000000e+00 4.776604e+01
         vertex 4.914279e+01 2.000000e+00 4.776604e+01
      endloop
   endfacet
   facet normal 5.735774e-01 -0.000000e+00 8.191513e-01
      outer loop
         vertex 4.914279e+01 2.000000e+00 4.776604e+01
         vertex 4.914279e+01 4.000000e+00 4.776604e+01
         vertex 4.900000e+01 4.000000e+00 4.786603e+01
      endloop
   endfacet
   facet normal 5.735774e-01 0.000000e+00 8.191513e-01
      outer loop
         vertex 4.914279e+01 2.000000e+00 4.776604e+01
         vertex 4.900000e+01 4.000000e+00 4.786603e+01
         vertex 4.900000e+01 2.000000e+00 4.786603e+01
      endloop
   endfacet
   facet normal 4.226193e-01 -0.000000e+00 9.063073e-01
      outer loop
         vertex 4.900000e+01 2.000000e+00 4.786603e+01
         vertex 4.900000e+01 4.000000e+00 4.786603e+01
         vertex 4.884202e+01 4.000000e+00 4.793969e+01
      endloop
   endfacet
   facet normal 4.226193e-01 0.000000e+00 9.063073e-01
      outer loop
         vertex 4.900000e+01 2.000000e+00 4.786603e+01
         vertex 4.884202e+01 4.000000e+00 4.793969e+01
         vertex 4.884202e+01 2.000000e+00 4.793969e+01
      endloop
   endfacet
   facet normal 2.588191e-01 -0.000000e+00 9.659258e-01
      outer loop
         vertex 4.884202e+01 2.000000e+00 4.793969e+01
         vertex 4.884202e+01 4.000000e+00 4.793969e+01
         vertex 4.867365e+01 4.000000e+00 4.798481e+01
      endloop
   endfacet
   facet normal 2.588191e-01 0.000000e+00 9.659258e-01
      outer loop
         vertex 4.884202e+01 2.000000e+00 4.793969e+01
         vertex 4.867365e+01 4.000000e+00 4.798481e+01
         vertex 4.867365e+01 2.000000e+00 4.798481e+01
      endloop
   endfacet
   facet normal 8.715297e-02 -0.000000e+00 9.961949e-01
      outer loop
         vertex 4.867365e+01 2.000000e+00 4.798481e+01
         vertex 4.867365e+01 4.000000e+00 4.798481e+01
         vertex 4.850000e+01 4.000000e+00 4.800000e+01
      endloop
   endfacet
   facet normal 8.715297e-02 0.000000e+00 9.961949e-01
      outer loop
         vertex 4.867365e+01 2.000000e+00 4.798481e+01
         vertex 4.850000e+01 4.000000e+00 4.800000e+01
         vertex 4.850000e+01 2.000000e+00 4.800000e+01
      endloop
   endfacet
   facet normal -8.715562e-02 9.961947e-01 0.000000e+00
      outer loop
         vertex 2.250000e+01 6.000000e+00 4.600000e+01
         vertex 2.250000e+01 6.000000e+00 4.200000e+01
         vertex 2.232635e+01 5.984808e+00 4.200000e+01
      endloop
   endfacet
   facet normal -8.715562e-02 9.961947e-01 0.000000e+00
      outer loop
         vertex 2.250000e+01 6.000000e+00 4.600000e+01
         vertex 2.232635e+01 5.984808e+00 4.200000e+01
         vertex 2.232635e+01 5.984808e+00 4.600000e+01
      endloop
   endfacet
   facet normal -2.588191e-01 9.659258e-01 0.000000e+00
      outer loop
         vertex 2.232635e+01 5.984808e+00 4.600000e+01
         vertex 2.232635e+01 5.984808e+00 4.200000e+01
         vertex 2.215798e+01 5.939693e+00 4.200000e+01
      endloop
   endfacet
   facet normal -2.588191e-01 9.659258e-01 0.000000e+00
      outer loop
         vertex 2.232635e+01 5.984808e+00 4.600000e+01
         vertex 2.215798e+01 5.939693e+00 4.200000e+01
         vertex 2.215798e+01 5.939693e+00 4.600000e+01
      endloop
   endfacet
   facet normal -4.226171e-01 9.063083e-01 0.000000e+00
      outer loop
         vertex 2.215798e+01 5.939693e+00 4.600000e+01
         vertex 2.215798e+01 5.939693e+00 4.200000e+01
         vertex 2.200000e+01 5.866026e+00 4.200000e+01
      endloop
   endfacet
   facet normal -4.226171e-01 9.063083e-01 0.000000e+00
      outer loop
         vertex 2.215798e+01 5.939693e+00 4.600000e+01
         vertex 2.200000e+01 5.866026e+00 4.200000e+01
         vertex 2.200000e+01 5.866026e+00 4.600000e+01
      endloop
   endfacet
   facet normal -5.735774e-01 8.191513e-01 0.000000e+00
      outer loop
         vertex 2.200000e+01 5.866026e+00 4.600000e+01
         vertex 2.200000e+01 5.866026e+00 4.200000e+01
         vertex 2.185721e+01 5.766044e+00 4.200000e+01
      endloop
   endfacet
   facet normal -5.735774e-01 8.191513e-01 0.000000e+00
      outer loop
         vertex 2.200000e+01 5.866026e+00 4.600000e+01
         vertex 2.185721e+01 5.766044e+00 4.200000e+01
         vertex 2.185721e+01 5.766044e+00 4.600000e+01
      endloop
   endfacet
   facet normal -7.071068e-01 7.071068e-01 0.000000e+00
      outer loop
         vertex 2.185721e+01 5.766044e+00 4.600000e+01
         vertex 2.185721e+01 5.766044e+00 4.200000e+01
         vertex 2.173396e+01 5.642788e+00 4.200000e+01
      endloop
   endfacet
   facet normal -7.071068e-01 7.071068e-01 0.000000e+00
      outer loop
         vertex 2.185721e+01 5.766044e+00 4.600000e+01
         vertex 2.173396e+01 5.642788e+00 4.200000e+01
         vertex 2.173396e+01 5.642788e+00 4.600000e+01
      endloop
   endfacet
   facet normal -8.191538e-01 5.735739e-01 0.000000e+00
      outer loop
         vertex 2.173396e+01 5.642788e+00 4.600000e+01
         vertex 2.173396e+01 5.642788e+00 4.200000e+01
         vertex 2.163398e+01 5.500000e+00 4.200000e+01
      endloop
   endfacet
   facet normal -8.191538e-01 5.735739e-01 0.000000e+00
      outer loop
         vertex 2.173396e+01 5.642788e+00 4.600000e+01
         vertex 2.163398e+01 5.500000e+00 4.200000e+01
         vertex 2.163398e+01 5.500000e+00 4.600000e+01
      endloop
   endfacet
   facet normal -9.063068e-01 4.226203e-01 0.000000e+00
      outer loop
         vertex 2.163398e+01 5.500000e+00 4.600000e+01
         vertex 2.163398e+01 5.500000e+00 4.200000e+01
         vertex 2.156031e+01 5.342020e+00 4.200000e+01
      endloop
   endfacet
   facet normal -9.063068e-01 4.226203e-01 0.000000e+00
      outer loop
         vertex 2.163398e+01 5.500000e+00 4.600000e+01
         vertex 2.156031e+01 5.342020e+00 4.200000e+01
         vertex 2.156031e+01 5.342020e+00 4.600000e+01
      endloop
   endfacet
   facet normal -9.659258e-01 2.588191e-01 0.000000e+00
      outer loop
         vertex 2.156031e+01 5.342020e+00 4.600000e+01
         vertex 2.156031e+01 5.342020e+00 4.200000e+01
         vertex 2.151519e+01 5.173648e+00 4.200000e+01
      endloop
   endfacet
   facet normal -9.659258e-01 2.588191e-01 0.000000e+00
      outer loop
         vertex 2.156031e+01 5.342020e+00 4.600000e+01
         vertex 2.151519e+01 5.173648e+00 4.200000e+01
         vertex 2.151519e+01 5.173648e+00 4.600000e+01
      endloop
   endfacet
   facet normal -9.961945e-01 8.715804e-02 0.000000e+00
      outer loop
         vertex 2.151519e+01 5.173648e+00 4.600000e+01
         vertex 2.151519e+01 5.173648e+00 4.200000e+01
         vertex 2.150000e+01 5.000000e+00 4.200000e+01
      endloop
   endfacet
   facet normal -9.961945e-01 8.715804e-02 0.000000e+00
      outer loop
         vertex 2.151519e+01 5.173648e+00 4.600000e+01
         vertex 2.150000e+01 5.000000e+00 4.200000e+01
         vertex 2.150000e+01 5.000000e+00 4.600000e+01
      endloop
   endfacet
   facet normal -8.682381e-02 8.682901e-02 9.924325e-01
      outer loop
         vertex 2.250000e+01 4.000000e+00 4.800000e+01
         vertex 2.250000e+01 4.347296e+00 4.796962e+01
         vertex 2.232635e+01 4.000000e+00 4.798481e+01
      endloop
   endfacet
   facet normal -8.682285e-02 8.682854e-02 9.924327e-01
      outer loop
         vertex 2.232635e+01 4.000000e+00 4.798481e+01
         vertex 2.250000e+01 4.347296e+00 4.796962e+01
         vertex 2.232635e+01 4.344658e+00 4.795465e+01
      endloop
   endfacet
   facet normal -2.578998e-01 8.420927e-02 9.624949e-01
      outer loop
         vertex 2.232635e+01 4.000000e+00 4.798481e+01
         vertex 2.232635e+01 4.344658e+00 4.795465e+01
         vertex 2.215798e+01 4.000000e+00 4.793969e+01
      endloop
   endfacet
   facet normal -2.578996e-01 8.420920e-02 9.624950e-01
      outer loop
         vertex 2.215798e+01 4.000000e+00 4.793969e+01
         vertex 2.232635e+01 4.344658e+00 4.795465e+01
         vertex 2.215798e+01 4.336824e+00 4.791022e+01
      endloop
   endfacet
   facet normal -4.212969e-01 7.904520e-02 9.034715e-01
      outer loop
         vertex 2.215798e+01 4.000000e+00 4.793969e+01
         vertex 2.215798e+01 4.336824e+00 4.791022e+01
         vertex 2.200000e+01 4.000000e+00 4.786603e+01
      endloop
   endfacet
   facet normal -4.212957e-01 7.904454e-02 9.034721e-01
      outer loop
         vertex 2.200000e+01 4.000000e+00 4.786603e+01
         vertex 2.215798e+01 4.336824e+00 4.791022e+01
         vertex 2.200000e+01 4.324032e+00 4.783768e+01
      endloop
   endfacet
   facet normal -5.721101e-01 7.148400e-02 8.170557e-01
      outer loop
         vertex 2.200000e+01 4.000000e+00 4.786603e+01
         vertex 2.200000e+01 4.324032e+00 4.783768e+01
         vertex 2.185721e+01 4.000000e+00 4.776604e+01
      endloop
   endfacet
   facet normal -5.721063e-01 7.148172e-02 8.170586e-01
      outer loop
         vertex 2.185721e+01 4.000000e+00 4.776604e+01
         vertex 2.200000e+01 4.324032e+00 4.783768e+01
         vertex 2.185721e+01 4.306670e+00 4.773922e+01
      endloop
   endfacet
   facet normal -7.057576e-01 6.174437e-02 7.057576e-01
      outer loop
         vertex 2.185721e+01 4.000000e+00 4.776604e+01
         vertex 2.185721e+01 4.306670e+00 4.773922e+01
         vertex 2.173396e+01 4.000000e+00 4.764279e+01
      endloop
   endfacet
   facet normal -7.057592e-01 6.174555e-02 7.057559e-01
      outer loop
         vertex 2.173396e+01 4.000000e+00 4.764279e+01
         vertex 2.185721e+01 4.306670e+00 4.773922e+01
         vertex 2.173396e+01 4.285267e+00 4.761783e+01
      endloop
   endfacet
   facet normal -8.181262e-01 5.011785e-02 5.728505e-01
      outer loop
         vertex 2.173396e+01 4.000000e+00 4.764279e+01
         vertex 2.173396e+01 4.285267e+00 4.761783e+01
         vertex 2.163398e+01 4.000000e+00 4.750000e+01
      endloop
   endfacet
   facet normal -8.181247e-01 5.011642e-02 5.728528e-01
      outer loop
         vertex 2.163398e+01 4.000000e+00 4.750000e+01
         vertex 2.173396e+01 4.285267e+00 4.761783e+01
         vertex 2.163398e+01 4.260472e+00 4.747721e+01
      endloop
   endfacet
   facet normal -9.056866e-01 3.694825e-02 4.223348e-01
      outer loop
         vertex 2.163398e+01 4.000000e+00 4.750000e+01
         vertex 2.163398e+01 4.260472e+00 4.747721e+01
         vertex 2.156031e+01 4.000000e+00 4.734202e+01
      endloop
   endfacet
   facet normal -9.056876e-01 3.694971e-02 4.223325e-01
      outer loop
         vertex 2.156031e+01 4.000000e+00 4.734202e+01
         vertex 2.163398e+01 4.260472e+00 4.747721e+01
         vertex 2.156031e+01 4.233039e+00 4.732163e+01
      endloop
   endfacet
   facet normal -9.656783e-01 2.263817e-02 2.587527e-01
      outer loop
         vertex 2.156031e+01 4.000000e+00 4.734202e+01
         vertex 2.156031e+01 4.233039e+00 4.732163e+01
         vertex 2.151519e+01 4.000000e+00 4.717365e+01
      endloop
   endfacet
   facet normal -9.656785e-01 2.263881e-02 2.587518e-01
      outer loop
         vertex 2.151519e+01 4.000000e+00 4.717365e+01
         vertex 2.156031e+01 4.233039e+00 4.732163e+01
         vertex 2.151519e+01 4.203802e+00 4.715582e+01
      endloop
   endfacet
   facet normal -9.961656e-01 7.625421e-03 8.715527e-02
      outer loop
         vertex 2.151519e+01 4.000000e+00 4.717365e+01
         vertex 2.151519e+01 4.203802e+00 4.715582e+01
         vertex 2.150000e+01 4.000000e+00 4.700000e+01
      endloop
   endfacet
   facet normal -9.961655e-01 7.624911e-03 8.715593e-02
      outer loop
         vertex 2.150000e+01 4.000000e+00 4.700000e+01
         vertex 2.151519e+01 4.203802e+00 4.715582e+01
         vertex 2.150000e+01 4.173648e+00 4.698481e+01
      endloop
   endfacet
   facet normal -8.682282e-02 2.578417e-01 9.622783e-01
      outer loop
         vertex 2.250000e+01 4.347296e+00 4.796962e+01
         vertex 2.250000e+01 4.684040e+00 4.787938e+01
         vertex 2.232635e+01 4.344658e+00 4.795465e+01
      endloop
   endfacet
   facet normal -8.682311e-02 2.578418e-01 9.622782e-01
      outer loop
         vertex 2.232635e+01 4.344658e+00 4.795465e+01
         vertex 2.250000e+01 4.684040e+00 4.787938e+01
         vertex 2.232635e+01 4.678844e+00 4.786511e+01
      endloop
   endfacet
   facet normal -2.578997e-01 2.500638e-01 9.332502e-01
      outer loop
         vertex 2.232635e+01 4.344658e+00 4.795465e+01
         vertex 2.232635e+01 4.678844e+00 4.786511e+01
         vertex 2.215798e+01 4.336824e+00 4.791022e+01
      endloop
   endfacet
   facet normal -2.578967e-01 2.500625e-01 9.332513e-01
      outer loop
         vertex 2.215798e+01 4.336824e+00 4.791022e+01
         vertex 2.232635e+01 4.678844e+00 4.786511e+01
         vertex 2.215798e+01 4.663414e+00 4.782272e+01
      endloop
   endfacet
   facet normal -4.212957e-01 2.347278e-01 8.760210e-01
      outer loop
         vertex 2.215798e+01 4.336824e+00 4.791022e+01
         vertex 2.215798e+01 4.663414e+00 4.782272e+01
         vertex 2.200000e+01 4.324032e+00 4.783768e+01
      endloop
   endfacet
   facet normal -4.212980e-01 2.347288e-01 8.760197e-01
      outer loop
         vertex 2.200000e+01 4.324032e+00 4.783768e+01
         vertex 2.215798e+01 4.663414e+00 4.782272e+01
         vertex 2.200000e+01 4.638218e+00 4.775349e+01
      endloop
   endfacet
   facet normal -5.721066e-01 2.122780e-01 7.922323e-01
      outer loop
         vertex 2.200000e+01 4.324032e+00 4.783768e+01
         vertex 2.200000e+01 4.638218e+00 4.775349e+01
         vertex 2.185721e+01 4.306670e+00 4.773922e+01
      endloop
   endfacet
   facet normal -5.721109e-01 2.122800e-01 7.922287e-01
      outer loop
         vertex 2.185721e+01 4.306670e+00 4.773922e+01
         vertex 2.200000e+01 4.638218e+00 4.775349e+01
         vertex 2.185721e+01 4.604023e+00 4.765954e+01
      endloop
   endfacet
   facet normal -7.057590e-01 1.833632e-01 6.843115e-01
      outer loop
         vertex 2.185721e+01 4.306670e+00 4.773922e+01
         vertex 2.185721e+01 4.604023e+00 4.765954e+01
         vertex 2.173396e+01 4.285267e+00 4.761783e+01
      endloop
   endfacet
   facet normal -7.057561e-01 1.833617e-01 6.843148e-01
      outer loop
         vertex 2.173396e+01 4.285267e+00 4.761783e+01
         vertex 2.185721e+01 4.604023e+00 4.765954e+01
         vertex 2.173396e+01 4.561867e+00 4.754372e+01
      endloop
   endfacet
   facet normal -8.181247e-01 1.488316e-01 5.554468e-01
      outer loop
         vertex 2.173396e+01 4.285267e+00 4.761783e+01
         vertex 2.173396e+01 4.561867e+00 4.754372e+01
         vertex 2.163398e+01 4.260472e+00 4.747721e+01
      endloop
   endfacet
   facet normal -8.181229e-01 1.488303e-01 5.554498e-01
      outer loop
         vertex 2.163398e+01 4.260472e+00 4.747721e+01
         vertex 2.173396e+01 4.561867e+00 4.754372e+01
         vertex 2.163398e+01 4.513030e+00 4.740954e+01
      endloop
   endfacet
   facet normal -9.056876e-01 1.097238e-01 4.095004e-01
      outer loop
         vertex 2.163398e+01 4.260472e+00 4.747721e+01
         vertex 2.163398e+01 4.513030e+00 4.740954e+01
         vertex 2.156031e+01 4.233039e+00 4.732163e+01
      endloop
   endfacet
   facet normal -9.056884e-01 1.097246e-01 4.094985e-01
      outer loop
         vertex 2.156031e+01 4.233039e+00 4.732163e+01
         vertex 2.163398e+01 4.513030e+00 4.740954e+01
         vertex 2.156031e+01 4.458998e+00 4.726109e+01
      endloop
   endfacet
   facet normal -9.656785e-01 6.722566e-02 2.508900e-01
      outer loop
         vertex 2.156031e+01 4.233039e+00 4.732163e+01
         vertex 2.156031e+01 4.458998e+00 4.726109e+01
         vertex 2.151519e+01 4.203802e+00 4.715582e+01
      endloop
   endfacet
   facet normal -9.656786e-01 6.722582e-02 2.508896e-01
      outer loop
         vertex 2.151519e+01 4.203802e+00 4.715582e+01
         vertex 2.156031e+01 4.458998e+00 4.726109e+01
         vertex 2.151519e+01 4.401411e+00 4.710287e+01
      endloop
   endfacet
   facet normal -9.961655e-01 2.264382e-02 8.450767e-02
      outer loop
         vertex 2.151519e+01 4.203802e+00 4.715582e+01
         vertex 2.151519e+01 4.401411e+00 4.710287e+01
         vertex 2.150000e+01 4.173648e+00 4.698481e+01
      endloop
   endfacet
   facet normal -9.961655e-01 2.264378e-02 8.450774e-02
      outer loop
         vertex 2.150000e+01 4.173648e+00 4.698481e+01
         vertex 2.151519e+01 4.401411e+00 4.710287e+01
         vertex 2.150000e+01 4.342020e+00 4.693969e+01
      endloop
   endfacet
   facet normal -8.682362e-02 4.210200e-01 9.028864e-01
      outer loop
         vertex 2.250000e+01 4.684040e+00 4.787938e+01
         vertex 2.250000e+01 5.000000e+00 4.773205e+01
         vertex 2.232635e+01 4.678844e+00 4.786511e+01
      endloop
   endfacet
   facet normal -8.683053e-02 4.210229e-01 9.028844e-01
      outer loop
         vertex 2.232635e+01 4.678844e+00 4.786511e+01
         vertex 2.250000e+01 5.000000e+00 4.773205e+01
         vertex 2.232635e+01 4.992404e+00 4.771889e+01
      endloop
   endfacet
   facet normal -2.578968e-01 4.083229e-01 8.756493e-01
      outer loop
         vertex 2.232635e+01 4.678844e+00 4.786511e+01
         vertex 2.232635e+01 4.992404e+00 4.771889e+01
         vertex 2.215798e+01 4.663414e+00 4.782272e+01
      endloop
   endfacet
   facet normal -2.578998e-01 4.083240e-01 8.756479e-01
      outer loop
         vertex 2.215798e+01 4.663414e+00 4.782272e+01
         vertex 2.232635e+01 4.992404e+00 4.771889e+01
         vertex 2.215798e+01 4.969846e+00 4.767982e+01
      endloop
   endfacet
   facet normal -4.212976e-01 3.832841e-01 8.219499e-01
      outer loop
         vertex 2.215798e+01 4.663414e+00 4.782272e+01
         vertex 2.215798e+01 4.969846e+00 4.767982e+01
         vertex 2.200000e+01 4.638218e+00 4.775349e+01
      endloop
   endfacet
   facet normal -4.212946e-01 3.832831e-01 8.219519e-01
      outer loop
         vertex 2.200000e+01 4.638218e+00 4.775349e+01
         vertex 2.215798e+01 4.969846e+00 4.767982e+01
         vertex 2.200000e+01 4.933013e+00 4.761603e+01
      endloop
   endfacet
   facet normal -5.721105e-01 3.466220e-01 7.433322e-01
      outer loop
         vertex 2.200000e+01 4.638218e+00 4.775349e+01
         vertex 2.200000e+01 4.933013e+00 4.761603e+01
         vertex 2.185721e+01 4.604023e+00 4.765954e+01
      endloop
   endfacet
   facet normal -5.721058e-01 3.466206e-01 7.433365e-01
      outer loop
         vertex 2.185721e+01 4.604023e+00 4.765954e+01
         vertex 2.200000e+01 4.933013e+00 4.761603e+01
         vertex 2.185721e+01 4.883022e+00 4.752944e+01
      endloop
   endfacet
   facet normal -7.057563e-01 2.994038e-01 6.420790e-01
      outer loop
         vertex 2.185721e+01 4.604023e+00 4.765954e+01
         vertex 2.185721e+01 4.883022e+00 4.752944e+01
         vertex 2.173396e+01 4.561867e+00 4.754372e+01
      endloop
   endfacet
   facet normal -7.057600e-01 2.994050e-01 6.420743e-01
      outer loop
         vertex 2.173396e+01 4.561867e+00 4.754372e+01
         vertex 2.185721e+01 4.883022e+00 4.752944e+01
         vertex 2.173396e+01 4.821394e+00 4.742270e+01
      endloop
   endfacet
   facet normal -8.181230e-01 2.430244e-01 5.211659e-01
      outer loop
         vertex 2.173396e+01 4.561867e+00 4.754372e+01
         vertex 2.173396e+01 4.821394e+00 4.742270e+01
         vertex 2.163398e+01 4.513030e+00 4.740954e+01
      endloop
   endfacet
   facet normal -8.181238e-01 2.430247e-01 5.211645e-01
      outer loop
         vertex 2.163398e+01 4.513030e+00 4.740954e+01
         vertex 2.173396e+01 4.821394e+00 4.742270e+01
         vertex 2.163398e+01 4.750000e+00 4.729904e+01
      endloop
   endfacet
   facet normal -9.056884e-01 1.791675e-01 3.842233e-01
      outer loop
         vertex 2.163398e+01 4.513030e+00 4.740954e+01
         vertex 2.163398e+01 4.750000e+00 4.729904e+01
         vertex 2.156031e+01 4.458998e+00 4.726109e+01
      endloop
   endfacet
   facet normal -9.056884e-01 1.791675e-01 3.842234e-01
      outer loop
         vertex 2.156031e+01 4.458998e+00 4.726109e+01
         vertex 2.163398e+01 4.750000e+00 4.729904e+01
         vertex 2.156031e+01 4.671010e+00 4.716222e+01
      endloop
   endfacet
   facet normal -9.656785e-01 1.097715e-01 2.354043e-01
      outer loop
         vertex 2.156031e+01 4.458998e+00 4.726109e+01
         vertex 2.156031e+01 4.671010e+00 4.716222e+01
         vertex 2.151519e+01 4.401411e+00 4.710287e+01
      endloop
   endfacet
   facet normal -9.656779e-01 1.097708e-01 2.354071e-01
      outer loop
         vertex 2.151519e+01 4.401411e+00 4.710287e+01
         vertex 2.156031e+01 4.671010e+00 4.716222e+01
         vertex 2.151519e+01 4.586824e+00 4.701641e+01
      endloop
   endfacet
   facet normal -9.961655e-01 3.697400e-02 7.929192e-02
      outer loop
         vertex 2.151519e+01 4.401411e+00 4.710287e+01
         vertex 2.151519e+01 4.586824e+00 4.701641e+01
         vertex 2.150000e+01 4.342020e+00 4.693969e+01
      endloop
   endfacet
   facet normal -9.961656e-01 3.697426e-02 7.929109e-02
      outer loop
         vertex 2.150000e+01 4.342020e+00 4.693969e+01
         vertex 2.151519e+01 4.586824e+00 4.701641e+01
         vertex 2.150000e+01 4.500000e+00 4.686603e+01
      endloop
   endfacet
   facet normal -8.682987e-02 5.714111e-01 8.160575e-01
      outer loop
         vertex 2.250000e+01 5.000000e+00 4.773205e+01
         vertex 2.250000e+01 5.285575e+00 4.753209e+01
         vertex 2.232635e+01 4.992404e+00 4.771889e+01
      endloop
   endfacet
   facet normal -8.682611e-02 5.714098e-01 8.160589e-01
      outer loop
         vertex 2.232635e+01 4.992404e+00 4.771889e+01
         vertex 2.250000e+01 5.285575e+00 4.753209e+01
         vertex 2.232635e+01 5.275810e+00 4.752045e+01
      endloop
   endfacet
   facet normal -2.578998e-01 5.541728e-01 7.914419e-01
      outer loop
         vertex 2.232635e+01 4.992404e+00 4.771889e+01
         vertex 2.232635e+01 5.275810e+00 4.752045e+01
         vertex 2.215798e+01 4.969846e+00 4.767982e+01
      endloop
   endfacet
   facet normal -2.578956e-01 5.541716e-01 7.914441e-01
      outer loop
         vertex 2.215798e+01 4.969846e+00 4.767982e+01
         vertex 2.232635e+01 5.275810e+00 4.752045e+01
         vertex 2.215798e+01 5.246811e+00 4.748589e+01
      endloop
   endfacet
   facet normal -4.212949e-01 5.201879e-01 7.429100e-01
      outer loop
         vertex 2.215798e+01 4.969846e+00 4.767982e+01
         vertex 2.215798e+01 5.246811e+00 4.748589e+01
         vertex 2.200000e+01 4.933013e+00 4.761603e+01
      endloop
   endfacet
   facet normal -4.212965e-01 5.201882e-01 7.429088e-01
      outer loop
         vertex 2.200000e+01 4.933013e+00 4.761603e+01
         vertex 2.215798e+01 5.246811e+00 4.748589e+01
         vertex 2.200000e+01 5.199458e+00 4.742946e+01
      endloop
   endfacet
   facet normal -5.721064e-01 4.704343e-01 6.718526e-01
      outer loop
         vertex 2.200000e+01 4.933013e+00 4.761603e+01
         vertex 2.200000e+01 5.199458e+00 4.742946e+01
         vertex 2.185721e+01 4.883022e+00 4.752944e+01
      endloop
   endfacet
   facet normal -5.721097e-01 4.704348e-01 6.718494e-01
      outer loop
         vertex 2.185721e+01 4.883022e+00 4.752944e+01
         vertex 2.200000e+01 5.199458e+00 4.742946e+01
         vertex 2.185721e+01 5.135192e+00 4.735287e+01
      endloop
   endfacet
   facet normal -7.057597e-01 4.063514e-01 5.803290e-01
      outer loop
         vertex 2.185721e+01 4.883022e+00 4.752944e+01
         vertex 2.185721e+01 5.135192e+00 4.735287e+01
         vertex 2.173396e+01 4.821394e+00 4.742270e+01
      endloop
   endfacet
   facet normal -7.057602e-01 4.063514e-01 5.803284e-01
      outer loop
         vertex 2.173396e+01 4.821394e+00 4.742270e+01
         vertex 2.185721e+01 5.135192e+00 4.735287e+01
         vertex 2.173396e+01 5.055964e+00 4.725845e+01
      endloop
   endfacet
   facet normal -8.181238e-01 3.298312e-01 4.710465e-01
      outer loop
         vertex 2.173396e+01 4.821394e+00 4.742270e+01
         vertex 2.173396e+01 5.055964e+00 4.725845e+01
         vertex 2.163398e+01 4.750000e+00 4.729904e+01
      endloop
   endfacet
   facet normal -8.181222e-01 3.298311e-01 4.710493e-01
      outer loop
         vertex 2.163398e+01 4.750000e+00 4.729904e+01
         vertex 2.173396e+01 5.055964e+00 4.725845e+01
         vertex 2.163398e+01 4.964181e+00 4.714907e+01
      endloop
   endfacet
   facet normal -9.056883e-01 2.431639e-01 3.472752e-01
      outer loop
         vertex 2.163398e+01 4.750000e+00 4.729904e+01
         vertex 2.163398e+01 4.964181e+00 4.714907e+01
         vertex 2.156031e+01 4.671010e+00 4.716222e+01
      endloop
   endfacet
   facet normal -9.056880e-01 2.431638e-01 3.472760e-01
      outer loop
         vertex 2.156031e+01 4.671010e+00 4.716222e+01
         vertex 2.163398e+01 4.964181e+00 4.714907e+01
         vertex 2.156031e+01 4.862634e+00 4.702805e+01
      endloop
   endfacet
   facet normal -9.656780e-01 1.489814e-01 2.127687e-01
      outer loop
         vertex 2.156031e+01 4.671010e+00 4.716222e+01
         vertex 2.156031e+01 4.862634e+00 4.702805e+01
         vertex 2.151519e+01 4.586824e+00 4.701641e+01
      endloop
   endfacet
   facet normal -9.656784e-01 1.489816e-01 2.127666e-01
      outer loop
         vertex 2.151519e+01 4.586824e+00 4.701641e+01
         vertex 2.156031e+01 4.862634e+00 4.702805e+01
         vertex 2.151519e+01 4.754406e+00 4.689907e+01
      endloop
   endfacet
   facet normal -9.961656e-01 5.018133e-02 7.166599e-02
      outer loop
         vertex 2.151519e+01 4.586824e+00 4.701641e+01
         vertex 2.151519e+01 4.754406e+00 4.689907e+01
         vertex 2.150000e+01 4.500000e+00 4.686603e+01
      endloop
   endfacet
   facet normal -9.961655e-01 5.018131e-02 7.166615e-02
      outer loop
         vertex 2.150000e+01 4.500000e+00 4.686603e+01
         vertex 2.151519e+01 4.754406e+00 4.689907e+01
         vertex 2.150000e+01 4.642787e+00 4.676604e+01
      endloop
   endfacet
   facet normal -8.682620e-02 7.044364e-01 7.044364e-01
      outer loop
         vertex 2.250000e+01 5.285575e+00 4.753209e+01
         vertex 2.250000e+01 5.532089e+00 4.728558e+01
         vertex 2.232635e+01 5.275810e+00 4.752045e+01
      endloop
   endfacet
   facet normal -8.682808e-02 7.044369e-01 7.044356e-01
      outer loop
         vertex 2.232635e+01 5.275810e+00 4.752045e+01
         vertex 2.250000e+01 5.532089e+00 4.728558e+01
         vertex 2.232635e+01 5.520451e+00 4.727581e+01
      endloop
   endfacet
   facet normal -2.578957e-01 6.831880e-01 6.831867e-01
      outer loop
         vertex 2.232635e+01 5.275810e+00 4.752045e+01
         vertex 2.232635e+01 5.520451e+00 4.727581e+01
         vertex 2.215798e+01 5.246811e+00 4.748589e+01
      endloop
   endfacet
   facet normal -2.578994e-01 6.831886e-01 6.831846e-01
      outer loop
         vertex 2.215798e+01 5.246811e+00 4.748589e+01
         vertex 2.232635e+01 5.520451e+00 4.727581e+01
         vertex 2.215798e+01 5.485891e+00 4.724681e+01
      endloop
   endfacet
   facet normal -4.212965e-01 6.412932e-01 6.412895e-01
      outer loop
         vertex 2.215798e+01 5.246811e+00 4.748589e+01
         vertex 2.215798e+01 5.485891e+00 4.724681e+01
         vertex 2.200000e+01 5.199458e+00 4.742946e+01
      endloop
   endfacet
   facet normal -4.212951e-01 6.412931e-01 6.412905e-01
      outer loop
         vertex 2.200000e+01 5.199458e+00 4.742946e+01
         vertex 2.215798e+01 5.485891e+00 4.724681e+01
         vertex 2.200000e+01 5.429458e+00 4.719946e+01
      endloop
   endfacet
   facet normal -5.721094e-01 5.799541e-01 5.799518e-01
      outer loop
         vertex 2.200000e+01 5.199458e+00 4.742946e+01
         vertex 2.200000e+01 5.429458e+00 4.719946e+01
         vertex 2.185721e+01 5.135192e+00 4.735287e+01
      endloop
   endfacet
   facet normal -5.721095e-01 5.799541e-01 5.799516e-01
      outer loop
         vertex 2.185721e+01 5.135192e+00 4.735287e+01
         vertex 2.200000e+01 5.429458e+00 4.719946e+01
         vertex 2.185721e+01 5.352869e+00 4.713519e+01
      endloop
   endfacet
   facet normal -7.057598e-01 5.009517e-01 5.009496e-01
      outer loop
         vertex 2.185721e+01 5.135192e+00 4.735287e+01
         vertex 2.185721e+01 5.352869e+00 4.713519e+01
         vertex 2.173396e+01 5.055964e+00 4.725845e+01
      endloop
   endfacet
   facet normal -7.057570e-01 5.009521e-01 5.009532e-01
      outer loop
         vertex 2.173396e+01 5.055964e+00 4.725845e+01
         vertex 2.185721e+01 5.352869e+00 4.713519e+01
         vertex 2.173396e+01 5.258448e+00 4.705596e+01
      endloop
   endfacet
   facet normal -8.181227e-01 4.066168e-01 4.066178e-01
      outer loop
         vertex 2.173396e+01 5.055964e+00 4.725845e+01
         vertex 2.173396e+01 5.258448e+00 4.705596e+01
         vertex 2.163398e+01 4.964181e+00 4.714907e+01
      endloop
   endfacet
   facet normal -8.181246e-01 4.066164e-01 4.066144e-01
      outer loop
         vertex 2.163398e+01 4.964181e+00 4.714907e+01
         vertex 2.173396e+01 5.258448e+00 4.705596e+01
         vertex 2.163398e+01 5.149066e+00 4.696418e+01
      endloop
   endfacet
   facet normal -9.056879e-01 2.997751e-01 2.997736e-01
      outer loop
         vertex 2.163398e+01 4.964181e+00 4.714907e+01
         vertex 2.163398e+01 5.149066e+00 4.696418e+01
         vertex 2.156031e+01 4.862634e+00 4.702805e+01
      endloop
   endfacet
   facet normal -9.056880e-01 2.997751e-01 2.997734e-01
      outer loop
         vertex 2.156031e+01 4.862634e+00 4.702805e+01
         vertex 2.163398e+01 5.149066e+00 4.696418e+01
         vertex 2.156031e+01 5.028047e+00 4.686263e+01
      endloop
   endfacet
   facet normal -9.656784e-01 1.836649e-01 1.836638e-01
      outer loop
         vertex 2.156031e+01 4.862634e+00 4.702805e+01
         vertex 2.156031e+01 5.028047e+00 4.686263e+01
         vertex 2.151519e+01 4.754406e+00 4.689907e+01
      endloop
   endfacet
   facet normal -9.656782e-01 1.836650e-01 1.836650e-01
      outer loop
         vertex 2.151519e+01 4.754406e+00 4.689907e+01
         vertex 2.156031e+01 5.028047e+00 4.686263e+01
         vertex 2.151519e+01 4.899067e+00 4.675441e+01
      endloop
   endfacet
   facet normal -9.961655e-01 6.186358e-02 6.186358e-02
      outer loop
         vertex 2.151519e+01 4.754406e+00 4.689907e+01
         vertex 2.151519e+01 4.899067e+00 4.675441e+01
         vertex 2.150000e+01 4.642787e+00 4.676604e+01
      endloop
   endfacet
   facet normal -9.961655e-01 6.186359e-02 6.186382e-02
      outer loop
         vertex 2.150000e+01 4.642787e+00 4.676604e+01
         vertex 2.151519e+01 4.899067e+00 4.675441e+01
         vertex 2.150000e+01 4.766045e+00 4.664279e+01
      endloop
   endfacet
   facet normal -8.682764e-02 8.160583e-01 5.714103e-01
      outer loop
         vertex 2.250000e+01 5.532089e+00 4.728558e+01
         vertex 2.250000e+01 5.732051e+00 4.700000e+01
         vertex 2.232635e+01 5.520451e+00 4.727581e+01
      endloop
   endfacet
   facet normal -8.682553e-02 8.160579e-01 5.714113e-01
      outer loop
         vertex 2.232635e+01 5.520451e+00 4.727581e+01
         vertex 2.250000e+01 5.732051e+00 4.700000e+01
         vertex 2.232635e+01 5.718894e+00 4.699240e+01
      endloop
   endfacet
   facet normal -2.578991e-01 7.914410e-01 5.541744e-01
      outer loop
         vertex 2.232635e+01 5.520451e+00 4.727581e+01
         vertex 2.232635e+01 5.718894e+00 4.699240e+01
         vertex 2.215798e+01 5.485891e+00 4.724681e+01
      endloop
   endfacet
   facet normal -2.579027e-01 7.914413e-01 5.541723e-01
      outer loop
         vertex 2.215798e+01 5.485891e+00 4.724681e+01
         vertex 2.232635e+01 5.718894e+00 4.699240e+01
         vertex 2.215798e+01 5.679823e+00 4.696985e+01
      endloop
   endfacet
   facet normal -4.212953e-01 7.429086e-01 5.201894e-01
      outer loop
         vertex 2.215798e+01 5.485891e+00 4.724681e+01
         vertex 2.215798e+01 5.679823e+00 4.696985e+01
         vertex 2.200000e+01 5.429458e+00 4.719946e+01
      endloop
   endfacet
   facet normal -4.212948e-01 7.429087e-01 5.201898e-01
      outer loop
         vertex 2.200000e+01 5.429458e+00 4.719946e+01
         vertex 2.215798e+01 5.679823e+00 4.696985e+01
         vertex 2.200000e+01 5.616026e+00 4.693301e+01
      endloop
   endfacet
   facet normal -5.721092e-01 6.718502e-01 4.704342e-01
      outer loop
         vertex 2.200000e+01 5.429458e+00 4.719946e+01
         vertex 2.200000e+01 5.616026e+00 4.693301e+01
         vertex 2.185721e+01 5.352869e+00 4.713519e+01
      endloop
   endfacet
   facet normal -5.721072e-01 6.718506e-01 4.704361e-01
      outer loop
         vertex 2.185721e+01 5.352869e+00 4.713519e+01
         vertex 2.200000e+01 5.616026e+00 4.693301e+01
         vertex 2.185721e+01 5.529440e+00 4.688302e+01
      endloop
   endfacet
   facet normal -7.057572e-01 5.803309e-01 4.063531e-01
      outer loop
         vertex 2.185721e+01 5.352869e+00 4.713519e+01
         vertex 2.185721e+01 5.529440e+00 4.688302e+01
         vertex 2.173396e+01 5.258448e+00 4.705596e+01
      endloop
   endfacet
   facet normal -7.057559e-01 5.803313e-01 4.063547e-01
      outer loop
         vertex 2.173396e+01 5.258448e+00 4.705596e+01
         vertex 2.185721e+01 5.529440e+00 4.688302e+01
         vertex 2.173396e+01 5.422696e+00 4.682139e+01
      endloop
   endfacet
   facet normal -8.181247e-01 4.710449e-01 3.298311e-01
      outer loop
         vertex 2.173396e+01 5.258448e+00 4.705596e+01
         vertex 2.173396e+01 5.422696e+00 4.682139e+01
         vertex 2.163398e+01 5.149066e+00 4.696418e+01
      endloop
   endfacet
   facet normal -8.181261e-01 4.710442e-01 3.298289e-01
      outer loop
         vertex 2.163398e+01 5.149066e+00 4.696418e+01
         vertex 2.173396e+01 5.422696e+00 4.682139e+01
         vertex 2.163398e+01 5.299038e+00 4.675000e+01
      endloop
   endfacet
   facet normal -9.056879e-01 3.472754e-01 2.431650e-01
      outer loop
         vertex 2.163398e+01 5.149066e+00 4.696418e+01
         vertex 2.163398e+01 5.299038e+00 4.675000e+01
         vertex 2.156031e+01 5.028047e+00 4.686263e+01
      endloop
   endfacet
   facet normal -9.056876e-01 3.472757e-01 2.431659e-01
      outer loop
         vertex 2.156031e+01 5.028047e+00 4.686263e+01
         vertex 2.163398e+01 5.299038e+00 4.675000e+01
         vertex 2.156031e+01 5.162224e+00 4.667101e+01
      endloop
   endfacet
   facet normal -9.656782e-01 2.127675e-01 1.489819e-01
      outer loop
         vertex 2.156031e+01 5.028047e+00 4.686263e+01
         vertex 2.156031e+01 5.162224e+00 4.667101e+01
         vertex 2.151519e+01 4.899067e+00 4.675441e+01
      endloop
   endfacet
   facet normal -9.656783e-01 2.127674e-01 1.489815e-01
      outer loop
         vertex 2.151519e+01 4.899067e+00 4.675441e+01
         vertex 2.156031e+01 5.162224e+00 4.667101e+01
         vertex 2.151519e+01 5.016409e+00 4.658682e+01
      endloop
   endfacet
   facet normal -9.961655e-01 7.166634e-02 5.018137e-02
      outer loop
         vertex 2.151519e+01 4.899067e+00 4.675441e+01
         vertex 2.151519e+01 5.016409e+00 4.658682e+01
         vertex 2.150000e+01 4.766045e+00 4.664279e+01
      endloop
   endfacet
   facet normal -9.961655e-01 7.166638e-02 5.018157e-02
      outer loop
         vertex 2.150000e+01 4.766045e+00 4.664279e+01
         vertex 2.151519e+01 5.016409e+00 4.658682e+01
         vertex 2.150000e+01 4.866025e+00 4.650000e+01
      endloop
   endfacet
   facet normal -8.682572e-02 9.028852e-01 4.210222e-01
      outer loop
         vertex 2.250000e+01 5.732051e+00 4.700000e+01
         vertex 2.250000e+01 5.879385e+00 4.668404e+01
         vertex 2.232635e+01 5.718894e+00 4.699240e+01
      endloop
   endfacet
   facet normal -8.682504e-02 9.028851e-01 4.210225e-01
      outer loop
         vertex 2.232635e+01 5.718894e+00 4.699240e+01
         vertex 2.250000e+01 5.879385e+00 4.668404e+01
         vertex 2.232635e+01 5.865109e+00 4.667884e+01
      endloop
   endfacet
   facet normal -2.579019e-01 8.756483e-01 4.083218e-01
      outer loop
         vertex 2.232635e+01 5.718894e+00 4.699240e+01
         vertex 2.232635e+01 5.865109e+00 4.667884e+01
         vertex 2.215798e+01 5.679823e+00 4.696985e+01
      endloop
   endfacet
   facet normal -2.578991e-01 8.756484e-01 4.083235e-01
      outer loop
         vertex 2.215798e+01 5.679823e+00 4.696985e+01
         vertex 2.232635e+01 5.865109e+00 4.667884e+01
         vertex 2.215798e+01 5.822715e+00 4.666341e+01
      endloop
   endfacet
   facet normal -4.212946e-01 8.219515e-01 3.832841e-01
      outer loop
         vertex 2.215798e+01 5.679823e+00 4.696985e+01
         vertex 2.215798e+01 5.822715e+00 4.666341e+01
         vertex 2.200000e+01 5.616026e+00 4.693301e+01
      endloop
   endfacet
   facet normal -4.212966e-01 8.219511e-01 3.832826e-01
      outer loop
         vertex 2.200000e+01 5.616026e+00 4.693301e+01
         vertex 2.215798e+01 5.822715e+00 4.666341e+01
         vertex 2.200000e+01 5.753490e+00 4.663822e+01
      endloop
   endfacet
   facet normal -5.721077e-01 7.433340e-01 3.466228e-01
      outer loop
         vertex 2.200000e+01 5.616026e+00 4.693301e+01
         vertex 2.200000e+01 5.753490e+00 4.663822e+01
         vertex 2.185721e+01 5.529440e+00 4.688302e+01
      endloop
   endfacet
   facet normal -5.721105e-01 7.433330e-01 3.466203e-01
      outer loop
         vertex 2.185721e+01 5.529440e+00 4.688302e+01
         vertex 2.200000e+01 5.753490e+00 4.663822e+01
         vertex 2.185721e+01 5.659539e+00 4.660402e+01
      endloop
   endfacet
   facet normal -7.057564e-01 6.420785e-01 2.994047e-01
      outer loop
         vertex 2.185721e+01 5.529440e+00 4.688302e+01
         vertex 2.185721e+01 5.659539e+00 4.660402e+01
         vertex 2.173396e+01 5.422696e+00 4.682139e+01
      endloop
   endfacet
   facet normal -7.057563e-01 6.420785e-01 2.994048e-01
      outer loop
         vertex 2.173396e+01 5.422696e+00 4.682139e+01
         vertex 2.185721e+01 5.659539e+00 4.660402e+01
         vertex 2.173396e+01 5.543715e+00 4.656187e+01
      endloop
   endfacet
   facet normal -8.181256e-01 5.211632e-01 2.430213e-01
      outer loop
         vertex 2.173396e+01 5.422696e+00 4.682139e+01
         vertex 2.173396e+01 5.543715e+00 4.656187e+01
         vertex 2.163398e+01 5.299038e+00 4.675000e+01
      endloop
   endfacet
   facet normal -8.181250e-01 5.211637e-01 2.430222e-01
      outer loop
         vertex 2.163398e+01 5.299038e+00 4.675000e+01
         vertex 2.173396e+01 5.543715e+00 4.656187e+01
         vertex 2.163398e+01 5.409539e+00 4.651303e+01
      endloop
   endfacet
   facet normal -9.056877e-01 3.842253e-01 1.791669e-01
      outer loop
         vertex 2.163398e+01 5.299038e+00 4.675000e+01
         vertex 2.163398e+01 5.409539e+00 4.651303e+01
         vertex 2.156031e+01 5.162224e+00 4.667101e+01
      endloop
   endfacet
   facet normal -9.056876e-01 3.842254e-01 1.791671e-01
      outer loop
         vertex 2.156031e+01 5.162224e+00 4.667101e+01
         vertex 2.163398e+01 5.409539e+00 4.651303e+01
         vertex 2.156031e+01 5.261086e+00 4.645900e+01
      endloop
   endfacet
   facet normal -9.656783e-01 2.354054e-01 1.097713e-01
      outer loop
         vertex 2.156031e+01 5.162224e+00 4.667101e+01
         vertex 2.156031e+01 5.261086e+00 4.645900e+01
         vertex 2.151519e+01 5.016409e+00 4.658682e+01
      endloop
   endfacet
   facet normal -9.656784e-01 2.354052e-01 1.097709e-01
      outer loop
         vertex 2.151519e+01 5.016409e+00 4.658682e+01
         vertex 2.156031e+01 5.261086e+00 4.645900e+01
         vertex 2.151519e+01 5.102869e+00 4.640141e+01
      endloop
   endfacet
   facet normal -9.961655e-01 7.929162e-02 3.697416e-02
      outer loop
         vertex 2.151519e+01 5.016409e+00 4.658682e+01
         vertex 2.151519e+01 5.102869e+00 4.640141e+01
         vertex 2.150000e+01 4.866025e+00 4.650000e+01
      endloop
   endfacet
   facet normal -9.961655e-01 7.929162e-02 3.697416e-02
      outer loop
         vertex 2.150000e+01 4.866025e+00 4.650000e+01
         vertex 2.151519e+01 5.102869e+00 4.640141e+01
         vertex 2.150000e+01 4.939693e+00 4.634202e+01
      endloop
   endfacet
   facet normal -8.682617e-02 9.622780e-01 2.578416e-01
      outer loop
         vertex 2.250000e+01 5.879385e+00 4.668404e+01
         vertex 2.250000e+01 5.969616e+00 4.634730e+01
         vertex 2.232635e+01 5.865109e+00 4.667884e+01
      endloop
   endfacet
   facet normal -8.682726e-02 9.622780e-01 2.578411e-01
      outer loop
         vertex 2.232635e+01 5.865109e+00 4.667884e+01
         vertex 2.250000e+01 5.969616e+00 4.634730e+01
         vertex 2.232635e+01 5.954654e+00 4.634466e+01
      endloop
   endfacet
   facet normal -2.578992e-01 9.332505e-01 2.500632e-01
      outer loop
         vertex 2.232635e+01 5.865109e+00 4.667884e+01
         vertex 2.232635e+01 5.954654e+00 4.634466e+01
         vertex 2.215798e+01 5.822715e+00 4.666341e+01
      endloop
   endfacet
   facet normal -2.578997e-01 9.332504e-01 2.500629e-01
      outer loop
         vertex 2.215798e+01 5.822715e+00 4.666341e+01
         vertex 2.232635e+01 5.954654e+00 4.634466e+01
         vertex 2.215798e+01 5.910224e+00 4.633682e+01
      endloop
   endfacet
   facet normal -4.212964e-01 8.760206e-01 2.347282e-01
      outer loop
         vertex 2.215798e+01 5.822715e+00 4.666341e+01
         vertex 2.215798e+01 5.910224e+00 4.633682e+01
         vertex 2.200000e+01 5.753490e+00 4.663822e+01
      endloop
   endfacet
   facet normal -4.212962e-01 8.760206e-01 2.347283e-01
      outer loop
         vertex 2.200000e+01 5.753490e+00 4.663822e+01
         vertex 2.215798e+01 5.910224e+00 4.633682e+01
         vertex 2.200000e+01 5.837676e+00 4.632403e+01
      endloop
   endfacet
   facet normal -5.721099e-01 7.922303e-01 2.122768e-01
      outer loop
         vertex 2.200000e+01 5.753490e+00 4.663822e+01
         vertex 2.200000e+01 5.837676e+00 4.632403e+01
         vertex 2.185721e+01 5.659539e+00 4.660402e+01
      endloop
   endfacet
   facet normal -5.721083e-01 7.922310e-01 2.122781e-01
      outer loop
         vertex 2.185721e+01 5.659539e+00 4.660402e+01
         vertex 2.200000e+01 5.837676e+00 4.632403e+01
         vertex 2.185721e+01 5.739214e+00 4.630667e+01
      endloop
   endfacet
   facet normal -7.057567e-01 6.843142e-01 1.833618e-01
      outer loop
         vertex 2.185721e+01 5.659539e+00 4.660402e+01
         vertex 2.185721e+01 5.739214e+00 4.630667e+01
         vertex 2.173396e+01 5.543715e+00 4.656187e+01
      endloop
   endfacet
   facet normal -7.057567e-01 6.843142e-01 1.833618e-01
      outer loop
         vertex 2.173396e+01 5.543715e+00 4.656187e+01
         vertex 2.185721e+01 5.739214e+00 4.630667e+01
         vertex 2.173396e+01 5.617830e+00 4.628527e+01
      endloop
   endfacet
   facet normal -8.181249e-01 5.554464e-01 1.488317e-01
      outer loop
         vertex 2.173396e+01 5.543715e+00 4.656187e+01
         vertex 2.173396e+01 5.617830e+00 4.628527e+01
         vertex 2.163398e+01 5.409539e+00 4.651303e+01
      endloop
   endfacet
   facet normal -8.181252e-01 5.554462e-01 1.488314e-01
      outer loop
         vertex 2.163398e+01 5.409539e+00 4.651303e+01
         vertex 2.173396e+01 5.617830e+00 4.628527e+01
         vertex 2.163398e+01 5.477211e+00 4.626047e+01
      endloop
   endfacet
   facet normal -9.056877e-01 4.094999e-01 1.097252e-01
      outer loop
         vertex 2.163398e+01 5.409539e+00 4.651303e+01
         vertex 2.163398e+01 5.477211e+00 4.626047e+01
         vertex 2.156031e+01 5.261086e+00 4.645900e+01
      endloop
   endfacet
   facet normal -9.056881e-01 4.094993e-01 1.097244e-01
      outer loop
         vertex 2.156031e+01 5.261086e+00 4.645900e+01
         vertex 2.163398e+01 5.477211e+00 4.626047e+01
         vertex 2.156031e+01 5.321632e+00 4.623304e+01
      endloop
   endfacet
   facet normal -9.656783e-01 2.508907e-01 6.722557e-02
      outer loop
         vertex 2.156031e+01 5.261086e+00 4.645900e+01
         vertex 2.156031e+01 5.321632e+00 4.623304e+01
         vertex 2.151519e+01 5.102869e+00 4.640141e+01
      endloop
   endfacet
   facet normal -9.656784e-01 2.508905e-01 6.722532e-02
      outer loop
         vertex 2.151519e+01 5.102869e+00 4.640141e+01
         vertex 2.156031e+01 5.321632e+00 4.623304e+01
         vertex 2.151519e+01 5.155818e+00 4.620380e+01
      endloop
   endfacet
   facet normal -9.961655e-01 8.450748e-02 2.264351e-02
      outer loop
         vertex 2.151519e+01 5.102869e+00 4.640141e+01
         vertex 2.151519e+01 5.155818e+00 4.620380e+01
         vertex 2.150000e+01 4.939693e+00 4.634202e+01
      endloop
   endfacet
   facet normal -9.961655e-01 8.450763e-02 2.264375e-02
      outer loop
         vertex 2.150000e+01 4.939693e+00 4.634202e+01
         vertex 2.151519e+01 5.155818e+00 4.620380e+01
         vertex 2.150000e+01 4.984808e+00 4.617365e+01
      endloop
   endfacet
   facet normal -8.682788e-02 9.924324e-01 8.682646e-02
      outer loop
         vertex 2.250000e+01 5.969616e+00 4.634730e+01
         vertex 2.250000e+01 6.000000e+00 4.600000e+01
         vertex 2.232635e+01 5.954654e+00 4.634466e+01
      endloop
   endfacet
   facet normal -8.682646e-02 9.924325e-01 8.682718e-02
      outer loop
         vertex 2.232635e+01 5.954654e+00 4.634466e+01
         vertex 2.250000e+01 6.000000e+00 4.600000e+01
         vertex 2.232635e+01 5.984808e+00 4.600000e+01
      endloop
   endfacet
   facet normal -2.578996e-01 9.624951e-01 8.420798e-02
      outer loop
         vertex 2.232635e+01 5.954654e+00 4.634466e+01
         vertex 2.232635e+01 5.984808e+00 4.600000e+01
         vertex 2.215798e+01 5.910224e+00 4.633682e+01
      endloop
   endfacet
   facet normal -2.578998e-01 9.624951e-01 8.420787e-02
      outer loop
         vertex 2.215798e+01 5.910224e+00 4.633682e+01
         vertex 2.232635e+01 5.984808e+00 4.600000e+01
         vertex 2.215798e+01 5.939693e+00 4.600000e+01
      endloop
   endfacet
   facet normal -4.212959e-01 9.034721e-01 7.904400e-02
      outer loop
         vertex 2.215798e+01 5.910224e+00 4.633682e+01
         vertex 2.215798e+01 5.939693e+00 4.600000e+01
         vertex 2.200000e+01 5.837676e+00 4.632403e+01
      endloop
   endfacet
   facet normal -4.212947e-01 9.034726e-01 7.904470e-02
      outer loop
         vertex 2.200000e+01 5.837676e+00 4.632403e+01
         vertex 2.215798e+01 5.939693e+00 4.600000e+01
         vertex 2.200000e+01 5.866026e+00 4.600000e+01
      endloop
   endfacet
   facet normal -5.721082e-01 8.170570e-01 7.148421e-02
      outer loop
         vertex 2.200000e+01 5.837676e+00 4.632403e+01
         vertex 2.200000e+01 5.866026e+00 4.600000e+01
         vertex 2.185721e+01 5.739214e+00 4.630667e+01
      endloop
   endfacet
   facet normal -5.721101e-01 8.170558e-01 7.148283e-02
      outer loop
         vertex 2.185721e+01 5.739214e+00 4.630667e+01
         vertex 2.200000e+01 5.866026e+00 4.600000e+01
         vertex 2.185721e+01 5.766044e+00 4.600000e+01
      endloop
   endfacet
   facet normal -7.057575e-01 7.057576e-01 6.174554e-02
      outer loop
         vertex 2.185721e+01 5.739214e+00 4.630667e+01
         vertex 2.185721e+01 5.766044e+00 4.600000e+01
         vertex 2.173396e+01 5.617830e+00 4.628527e+01
      endloop
   endfacet
   facet normal -7.057576e-01 7.057576e-01 6.174549e-02
      outer loop
         vertex 2.173396e+01 5.617830e+00 4.628527e+01
         vertex 2.185721e+01 5.766044e+00 4.600000e+01
         vertex 2.173396e+01 5.642788e+00 4.600000e+01
      endloop
   endfacet
   facet normal -8.181249e-01 5.728523e-01 5.011785e-02
      outer loop
         vertex 2.173396e+01 5.617830e+00 4.628527e+01
         vertex 2.173396e+01 5.642788e+00 4.600000e+01
         vertex 2.163398e+01 5.477211e+00 4.626047e+01
      endloop
   endfacet
   facet normal -8.181244e-01 5.728530e-01 5.011850e-02
      outer loop
         vertex 2.163398e+01 5.477211e+00 4.626047e+01
         vertex 2.173396e+01 5.642788e+00 4.600000e+01
         vertex 2.163398e+01 5.500000e+00 4.600000e+01
      endloop
   endfacet
   facet normal -9.056880e-01 4.223315e-01 3.694948e-02
      outer loop
         vertex 2.163398e+01 5.477211e+00 4.626047e+01
         vertex 2.163398e+01 5.500000e+00 4.600000e+01
         vertex 2.156031e+01 5.321632e+00 4.623304e+01
      endloop
   endfacet
   facet normal -9.056879e-01 4.223317e-01 3.694964e-02
      outer loop
         vertex 2.156031e+01 5.321632e+00 4.623304e+01
         vertex 2.163398e+01 5.500000e+00 4.600000e+01
         vertex 2.156031e+01 5.342020e+00 4.600000e+01
      endloop
   endfacet
   facet normal -9.656783e-01 2.587525e-01 2.263816e-02
      outer loop
         vertex 2.156031e+01 5.321632e+00 4.623304e+01
         vertex 2.156031e+01 5.342020e+00 4.600000e+01
         vertex 2.151519e+01 5.155818e+00 4.620380e+01
      endloop
   endfacet
   facet normal -9.656783e-01 2.587527e-01 2.263835e-02
      outer loop
         vertex 2.151519e+01 5.155818e+00 4.620380e+01
         vertex 2.156031e+01 5.342020e+00 4.600000e+01
         vertex 2.151519e+01 5.173648e+00 4.600000e+01
      endloop
   endfacet
   facet normal -9.961655e-01 8.715569e-02 7.625277e-03
      outer loop
         vertex 2.151519e+01 5.155818e+00 4.620380e+01
         vertex 2.151519e+01 5.173648e+00 4.600000e+01
         vertex 2.150000e+01 4.984808e+00 4.617365e+01
      endloop
   endfacet
   facet normal -9.961655e-01 8.715550e-02 7.625066e-03
      outer loop
         vertex 2.150000e+01 4.984808e+00 4.617365e+01
         vertex 2.151519e+01 5.173648e+00 4.600000e+01
         vertex 2.150000e+01 5.000000e+00 4.600000e+01
      endloop
   endfacet
   facet normal -9.961945e-01 0.000000e+00 8.715780e-02
      outer loop
         vertex 2.150000e+01 4.000000e+00 4.700000e+01
         vertex 2.150000e+01 2.000000e+00 4.700000e+01
         vertex 2.151519e+01 2.000000e+00 4.717365e+01
      endloop
   endfacet
   facet normal -9.961945e-01 0.000000e+00 8.715780e-02
      outer loop
         vertex 2.150000e+01 4.000000e+00 4.700000e+01
         vertex 2.151519e+01 2.000000e+00 4.717365e+01
         vertex 2.151519e+01 4.000000e+00 4.717365e+01
      endloop
   endfacet
   facet normal -9.659258e-01 0.000000e+00 2.588191e-01
      outer loop
         vertex 2.151519e+01 4.000000e+00 4.717365e+01
         vertex 2.151519e+01 2.000000e+00 4.717365e+01
         vertex 2.156031e+01 2.000000e+00 4.734202e+01
      endloop
   endfacet
   facet normal -9.659258e-01 0.000000e+00 2.588191e-01
      outer loop
         vertex 2.151519e+01 4.000000e+00 4.717365e+01
         vertex 2.156031e+01 2.000000e+00 4.734202e+01
         vertex 2.156031e+01 4.000000e+00 4.734202e+01
      endloop
   endfacet
   facet normal -9.063054e-01 0.000000e+00 4.226234e-01
      outer loop
         vertex 2.156031e+01 4.000000e+00 4.734202e+01
         vertex 2.156031e+01 2.000000e+00 4.734202e+01
         vertex 2.163398e+01 2.000000e+00 4.750000e+01
      endloop
   endfacet
   facet normal -9.063054e-01 0.000000e+00 4.226234e-01
      outer loop
         vertex 2.156031e+01 4.000000e+00 4.734202e+01
         vertex 2.163398e+01 2.000000e+00 4.750000e+01
         vertex 2.163398e+01 4.000000e+00 4.750000e+01
      endloop
   endfacet
   facet normal -8.191556e-01 0.000000e+00 5.735713e-01
      outer loop
         vertex 2.163398e+01 4.000000e+00 4.750000e+01
         vertex 2.163398e+01 2.000000e+00 4.750000e+01
         vertex 2.173396e+01 2.000000e+00 4.764279e+01
      endloop
   endfacet
   facet normal -8.191556e-01 0.000000e+00 5.735713e-01
      outer loop
         vertex 2.163398e+01 4.000000e+00 4.750000e+01
         vertex 2.173396e+01 2.000000e+00 4.764279e+01
         vertex 2.173396e+01 4.000000e+00 4.764279e+01
      endloop
   endfacet
   facet normal -7.071068e-01 0.000000e+00 7.071068e-01
      outer loop
         vertex 2.173396e+01 4.000000e+00 4.764279e+01
         vertex 2.173396e+01 2.000000e+00 4.764279e+01
         vertex 2.185721e+01 2.000000e+00 4.776604e+01
      endloop
   endfacet
   facet normal -7.071068e-01 0.000000e+00 7.071068e-01
      outer loop
         vertex 2.173396e+01 4.000000e+00 4.764279e+01
         vertex 2.185721e+01 2.000000e+00 4.776604e+01
         vertex 2.185721e+01 4.000000e+00 4.776604e+01
      endloop
   endfacet
   facet normal -5.735774e-01 0.000000e+00 8.191513e-01
      outer loop
         vertex 2.185721e+01 4.000000e+00 4.776604e+01
         vertex 2.185721e+01 2.000000e+00 4.776604e+01
         vertex 2.200000e+01 2.000000e+00 4.786603e+01
      endloop
   endfacet
   facet normal -5.735774e-01 0.000000e+00 8.191513e-01
      outer loop
         vertex 2.185721e+01 4.000000e+00 4.776604e+01
         vertex 2.200000e+01 2.000000e+00 4.786603e+01
         vertex 2.200000e+01 4.000000e+00 4.786603e+01
      endloop
   endfacet
   facet normal -4.226193e-01 0.000000e+00 9.063073e-01
      outer loop
         vertex 2.200000e+01 4.000000e+00 4.786603e+01
         vertex 2.200000e+01 2.000000e+00 4.786603e+01
         vertex 2.215798e+01 2.000000e+00 4.793969e+01
      endloop
   endfacet
   facet normal -4.226193e-01 0.000000e+00 9.063073e-01
      outer loop
         vertex 2.200000e+01 4.000000e+00 4.786603e+01
         vertex 2.215798e+01 2.000000e+00 4.793969e+01
         vertex 2.215798e+01 4.000000e+00 4.793969e+01
      endloop
   endfacet
   facet normal -2.588191e-01 0.000000e+00 9.659258e-01
      outer loop
         vertex 2.215798e+01 4.000000e+00 4.793969e+01
         vertex 2.215798e+01 2.000000e+00 4.793969e+01
         vertex 2.232635e+01 2.000000e+00 4.798481e+01
      endloop
   endfacet
   facet normal -2.588191e-01 0.000000e+00 9.659258e-01
      outer loop
         vertex 2.215798e+01 4.000000e+00 4.793969e+01
         vertex 2.232635e+01 2.000000e+00 4.798481e+01
         vertex 2.232635e+01 4.000000e+00 4.798481e+01
      endloop
   endfacet
   facet normal -8.715297e-02 0.000000e+00 9.961949e-01
      outer loop
         vertex 2.232635e+01 4.000000e+00 4.798481e+01
         vertex 2.232635e+01 2.000000e+00 4.798481e+01
         vertex 2.250000e+01 2.000000e+00 4.800000e+01
      endloop
   endfacet
   facet normal -8.715297e-02 0.000000e+00 9.961949e-01
      outer loop
         vertex 2.232635e+01 4.000000e+00 4.798481e+01
         vertex 2.250000e+01 2.000000e+00 4.800000e+01
         vertex 2.250000e+01 4.000000e+00 4.800000e+01
      endloop
   endfacet
   facet normal 9.961945e-01 -0.000000e+00 8.715780e-02
      outer loop
         vertex 4.950000e+01 0.000000e+00 4.700000e+01
         vertex 4.950000e+01 2.000000e+00 4.700000e+01
         vertex 4.948481e+01 2.000000e+00 4.717365e+01
      endloop
   endfacet
   facet normal 9.961945e-01 0.000000e+00 8.715780e-02
      outer loop
         vertex 4.950000e+01 0.000000e+00 4.700000e+01
         vertex 4.948481e+01 2.000000e+00 4.717365e+01
         vertex 4.948481e+01 0.000000e+00 4.717365e+01
      endloop
   endfacet
   facet normal 9.659258e-01 -0.000000e+00 2.588191e-01
      outer loop
         vertex 4.948481e+01 0.000000e+00 4.717365e+01
         vertex 4.948481e+01 2.000000e+00 4.717365e+01
         vertex 4.943969e+01 2.000000e+00 4.734202e+01
      endloop
   endfacet
   facet normal 9.659258e-01 0.000000e+00 2.588191e-01
      outer loop
         vertex 4.948481e+01 0.000000e+00 4.717365e+01
         vertex 4.943969e+01 2.000000e+00 4.734202e+01
         vertex 4.943969e+01 0.000000e+00 4.734202e+01
      endloop
   endfacet
   facet normal 9.063054e-01 -0.000000e+00 4.226234e-01
      outer loop
         vertex 4.943969e+01 0.000000e+00 4.734202e+01
         vertex 4.943969e+01 2.000000e+00 4.734202e+01
         vertex 4.936603e+01 2.000000e+00 4.750000e+01
      endloop
   endfacet
   facet normal 9.063054e-01 0.000000e+00 4.226234e-01
      outer loop
         vertex 4.943969e+01 0.000000e+00 4.734202e+01
         vertex 4.936603e+01 2.000000e+00 4.750000e+01
         vertex 4.936603e+01 0.000000e+00 4.750000e+01
      endloop
   endfacet
   facet normal 8.191556e-01 -0.000000e+00 5.735713e-01
      outer loop
         vertex 4.936603e+01 0.000000e+00 4.750000e+01
         vertex 4.936603e+01 2.000000e+00 4.750000e+01
         vertex 4.926605e+01 2.000000e+00 4.764279e+01
      endloop
   endfacet
   facet normal 8.191556e-01 0.000000e+00 5.735713e-01
      outer loop
         vertex 4.936603e+01 0.000000e+00 4.750000e+01
         vertex 4.926605e+01 2.000000e+00 4.764279e+01
         vertex 4.926605e+01 0.000000e+00 4.764279e+01
      endloop
   endfacet
   facet normal 7.071068e-01 -0.000000e+00 7.071068e-01
      outer loop
         vertex 4.926605e+01 0.000000e+00 4.764279e+01
         vertex 4.926605e+01 2.000000e+00 4.764279e+01
         vertex 4.914279e+01 2.000000e+00 4.776604e+01
      endloop
   endfacet
   facet normal 7.071068e-01 0.000000e+00 7.071068e-01
      outer loop
         vertex 4.926605e+01 0.000000e+00 4.764279e+01
         vertex 4.914279e+01 2.000000e+00 4.776604e+01
         vertex 4.914279e+01 0.000000e+00 4.776604e+01
      endloop
   endfacet
   facet normal 5.735774e-01 -0.000000e+00 8.191513e-01
      outer loop
         vertex 4.914279e+01 0.000000e+00 4.776604e+01
         vertex 4.914279e+01 2.000000e+00 4.776604e+01
         vertex 4.900000e+01 2.000000e+00 4.786603e+01
      endloop
   endfacet
   facet normal 5.735774e-01 0.000000e+00 8.191513e-01
      outer loop
         vertex 4.914279e+01 0.000000e+00 4.776604e+01
         vertex 4.900000e+01 2.000000e+00 4.786603e+01
         vertex 4.900000e+01 0.000000e+00 4.786603e+01
      endloop
   endfacet
   facet normal 4.226193e-01 -0.000000e+00 9.063073e-01
      outer loop
         vertex 4.900000e+01 0.000000e+00 4.786603e+01
         vertex 4.900000e+01 2.000000e+00 4.786603e+01
         vertex 4.884202e+01 2.000000e+00 4.793969e+01
      endloop
   endfacet
   facet normal 4.226193e-01 0.000000e+00 9.063073e-01
      outer loop
         vertex 4.900000e+01 0.000000e+00 4.786603e+01
         vertex 4.884202e+01 2.000000e+00 4.793969e+01
         vertex 4.884202e+01 0.000000e+00 4.793969e+01
      endloop
   endfacet
   facet normal 2.588191e-01 -0.000000e+00 9.659258e-01
      outer loop
         vertex 4.884202e+01 0.000000e+00 4.793969e+01
         vertex 4.884202e+01 2.000000e+00 4.793969e+01
         vertex 4.867365e+01 2.000000e+00 4.798481e+01
      endloop
   endfacet
   facet normal 2.588191e-01 0.000000e+00 9.659258e-01
      outer loop
         vertex 4.884202e+01 0.000000e+00 4.793969e+01
         vertex 4.867365e+01 2.000000e+00 4.798481e+01
         vertex 4.867365e+01 0.000000e+00 4.798481e+01
      endloop
   endfacet
   facet normal 8.715297e-02 -0.000000e+00 9.961949e-01
      outer loop
         vertex 4.867365e+01 0.000000e+00 4.798481e+01
         vertex 4.867365e+01 2.000000e+00 4.798481e+01
         vertex 4.850000e+01 2.000000e+00 4.800000e+01
      endloop
   endfacet
   facet normal 8.715297e-02 0.000000e+00 9.961949e-01
      outer loop
         vertex 4.867365e+01 0.000000e+00 4.798481e+01
         vertex 4.850000e+01 2.000000e+00 4.800000e+01
         vertex 4.850000e+01 0.000000e+00 4.800000e+01
      endloop
   endfacet
   facet normal -9.961945e-01 0.000000e+00 8.715780e-02
      outer loop
         vertex 2.150000e+01 2.000000e+00 4.700000e+01
         vertex 2.150000e+01 0.000000e+00 4.700000e+01
         vertex 2.151519e+01 0.000000e+00 4.717365e+01
      endloop
   endfacet
   facet normal -9.961945e-01 0.000000e+00 8.715780e-02
      outer loop
         vertex 2.150000e+01 2.000000e+00 4.700000e+01
         vertex 2.151519e+01 0.000000e+00 4.717365e+01
         vertex 2.151519e+01 2.000000e+00 4.717365e+01
      endloop
   endfacet
   facet normal -9.659258e-01 0.000000e+00 2.588191e-01
      outer loop
         vertex 2.151519e+01 2.000000e+00 4.717365e+01
         vertex 2.151519e+01 0.000000e+00 4.717365e+01
         vertex 2.156031e+01 0.000000e+00 4.734202e+01
      endloop
   endfacet
   facet normal -9.659258e-01 0.000000e+00 2.588191e-01
      outer loop
         vertex 2.151519e+01 2.000000e+00 4.717365e+01
         vertex 2.156031e+01 0.000000e+00 4.734202e+01
         vertex 2.156031e+01 2.000000e+00 4.734202e+01
      endloop
   endfacet
   facet normal -9.063054e-01 0.000000e+00 4.226234e-01
      outer loop
         vertex 2.156031e+01 2.000000e+00 4.734202e+01
         vertex 2.156031e+01 0.000000e+00 4.734202e+01
         vertex 2.163398e+01 0.000000e+00 4.750000e+01
      endloop
   endfacet
   facet normal -9.063054e-01 0.000000e+00 4.226234e-01
      outer loop
         vertex 2.156031e+01 2.000000e+00 4.734202e+01
         vertex 2.163398e+01 0.000000e+00 4.750000e+01
         vertex 2.163398e+01 2.000000e+00 4.750000e+01
      endloop
   endfacet
   facet normal -8.191556e-01 0.000000e+00 5.735713e-01
      outer loop
         vertex 2.163398e+01 2.000000e+00 4.750000e+01
         vertex 2.163398e+01 0.000000e+00 4.750000e+01
         vertex 2.173396e+01 0.000000e+00 4.764279e+01
      endloop
   endfacet
   facet normal -8.191556e-01 0.000000e+00 5.735713e-01
      outer loop
         vertex 2.163398e+01 2.000000e+00 4.750000e+01
         vertex 2.173396e+01 0.000000e+00 4.764279e+01
         vertex 2.173396e+01 2.000000e+00 4.764279e+01
      endloop
   endfacet
   facet normal -7.071068e-01 0.000000e+00 7.071068e-01
      outer loop
         vertex 2.173396e+01 2.000000e+00 4.764279e+01
         vertex 2.173396e+01 0.000000e+00 4.764279e+01
         vertex 2.185721e+01 0.000000e+00 4.776604e+01
      endloop
   endfacet
   facet normal -7.071068e-01 0.000000e+00 7.071068e-01
      outer loop
         vertex 2.173396e+01 2.000000e+00 4.764279e+01
         vertex 2.185721e+01 0.000000e+00 4.776604e+01
         vertex 2.185721e+01 2.000000e+00 4.776604e+01
      endloop
   endfacet
   facet normal -5.735774e-01 0.000000e+00 8.191513e-01
      outer loop
         vertex 2.185721e+01 2.000000e+00 4.776604e+01
         vertex 2.185721e+01 0.000000e+00 4.776604e+01
         vertex 2.200000e+01 0.000000e+00 4.786603e+01
      endloop
   endfacet
   facet normal -5.735774e-01 0.000000e+00 8.191513e-01
      outer loop
         vertex 2.185721e+01 2.000000e+00 4.776604e+01
         vertex 2.200000e+01 0.000000e+00 4.786603e+01
         vertex 2.200000e+01 2.000000e+00 4.786603e+01
      endloop
   endfacet
   facet normal -4.226193e-01 0.000000e+00 9.063073e-01
      outer loop
         vertex 2.200000e+01 2.000000e+00 4.786603e+01
         vertex 2.200000e+01 0.000000e+00 4.786603e+01
         vertex 2.215798e+01 0.000000e+00 4.793969e+01
      endloop
   endfacet
   facet normal -4.226193e-01 0.000000e+00 9.063073e-01
      outer loop
         vertex 2.200000e+01 2.000000e+00 4.786603e+01
         vertex 2.215798e+01 0.000000e+00 4.793969e+01
         vertex 2.215798e+01 2.000000e+00 4.793969e+01
      endloop
   endfacet
   facet normal -2.588191e-01 0.000000e+00 9.659258e-01
      outer loop
         vertex 2.215798e+01 2.000000e+00 4.793969e+01
         vertex 2.215798e+01 0.000000e+00 4.793969e+01
         vertex 2.232635e+01 0.000000e+00 4.798481e+01
      endloop
   endfacet
   facet normal -2.588191e-01 0.000000e+00 9.659258e-01
      outer loop
         vertex 2.215798e+01 2.000000e+00 4.793969e+01
         vertex 2.232635e+01 0.000000e+00 4.798481e+01
         vertex 2.232635e+01 2.000000e+00 4.798481e+01
      endloop
   endfacet
   facet normal -8.715297e-02 0.000000e+00 9.961949e-01
      outer loop
         vertex 2.232635e+01 2.000000e+00 4.798481e+01
         vertex 2.232635e+01 0.000000e+00 4.798481e+01
         vertex 2.250000e+01 0.000000e+00 4.800000e+01
      endloop
   endfacet
   facet normal -8.715297e-02 0.000000e+00 9.961949e-01
      outer loop
         vertex 2.232635e+01 2.000000e+00 4.798481e+01
         vertex 2.250000e+01 0.000000e+00 4.800000e+01
         vertex 2.250000e+01 2.000000e+00 4.800000e+01
      endloop
   endfacet
   facet normal 8.715297e-02 0.000000e+00 -9.961949e-01
      outer loop
         vertex 4.850000e+01 0.000000e+00 0.000000e+00
         vertex 4.850000e+01 2.000000e+00 0.000000e+00
         vertex 4.867365e+01 2.000000e+00 1.519173e-02
      endloop
   endfacet
   facet normal 8.715297e-02 0.000000e+00 -9.961949e-01
      outer loop
         vertex 4.850000e+01 0.000000e+00 0.000000e+00
         vertex 4.867365e+01 2.000000e+00 1.519173e-02
         vertex 4.867365e+01 0.000000e+00 1.519173e-02
      endloop
   endfacet
   facet normal 2.588191e-01 0.000000e+00 -9.659258e-01
      outer loop
         vertex 4.867365e+01 0.000000e+00 1.519173e-02
         vertex 4.867365e+01 2.000000e+00 1.519173e-02
         vertex 4.884202e+01 2.000000e+00 6.030686e-02
      endloop
   endfacet
   facet normal 2.588191e-01 0.000000e+00 -9.659258e-01
      outer loop
         vertex 4.867365e+01 0.000000e+00 1.519173e-02
         vertex 4.884202e+01 2.000000e+00 6.030686e-02
         vertex 4.884202e+01 0.000000e+00 6.030686e-02
      endloop
   endfacet
   facet normal 4.226193e-01 0.000000e+00 -9.063073e-01
      outer loop
         vertex 4.884202e+01 0.000000e+00 6.030686e-02
         vertex 4.884202e+01 2.000000e+00 6.030686e-02
         vertex 4.900000e+01 2.000000e+00 1.339745e-01
      endloop
   endfacet
   facet normal 4.226193e-01 0.000000e+00 -9.063073e-01
      outer loop
         vertex 4.884202e+01 0.000000e+00 6.030686e-02
         vertex 4.900000e+01 2.000000e+00 1.339745e-01
         vertex 4.900000e+01 0.000000e+00 1.339745e-01
      endloop
   endfacet
   facet normal 5.735774e-01 0.000000e+00 -8.191513e-01
      outer loop
         vertex 4.900000e+01 0.000000e+00 1.339745e-01
         vertex 4.900000e+01 2.000000e+00 1.339745e-01
         vertex 4.914279e+01 2.000000e+00 2.339557e-01
      endloop
   endfacet
   facet normal 5.735774e-01 0.000000e+00 -8.191513e-01
      outer loop
         vertex 4.900000e+01 0.000000e+00 1.339745e-01
         vertex 4.914279e+01 2.000000e+00 2.339557e-01
         vertex 4.914279e+01 0.000000e+00 2.339557e-01
      endloop
   endfacet
   facet normal 7.071068e-01 0.000000e+00 -7.071068e-01
      outer loop
         vertex 4.914279e+01 0.000000e+00 2.339557e-01
         vertex 4.914279e+01 2.000000e+00 2.339557e-01
         vertex 4.926605e+01 2.000000e+00 3.572125e-01
      endloop
   endfacet
   facet normal 7.071068e-01 0.000000e+00 -7.071068e-01
      outer loop
         vertex 4.914279e+01 0.000000e+00 2.339557e-01
         vertex 4.926605e+01 2.000000e+00 3.572125e-01
         vertex 4.926605e+01 0.000000e+00 3.572125e-01
      endloop
   endfacet
   facet normal 8.191556e-01 0.000000e+00 -5.735713e-01
      outer loop
         vertex 4.926605e+01 0.000000e+00 3.572125e-01
         vertex 4.926605e+01 2.000000e+00 3.572125e-01
         vertex 4.936603e+01 2.000000e+00 5.000010e-01
      endloop
   endfacet
   facet normal 8.191556e-01 0.000000e+00 -5.735713e-01
      outer loop
         vertex 4.926605e+01 0.000000e+00 3.572125e-01
         vertex 4.936603e+01 2.000000e+00 5.000010e-01
         vertex 4.936603e+01 0.000000e+00 5.000010e-01
      endloop
   endfacet
   facet normal 9.063054e-01 0.000000e+00 -4.226234e-01
      outer loop
         vertex 4.936603e+01 0.000000e+00 5.000010e-01
         vertex 4.936603e+01 2.000000e+00 5.000010e-01
         vertex 4.943969e+01 2.000000e+00 6.579794e-01
      endloop
   endfacet
   facet normal 9.063054e-01 0.000000e+00 -4.226234e-01
      outer loop
         vertex 4.936603e+01 0.000000e+00 5.000010e-01
         vertex 4.943969e+01 2.000000e+00 6.579794e-01
         vertex 4.943969e+01 0.000000e+00 6.579794e-01
      endloop
   endfacet
   facet normal 9.659258e-01 0.000000e+00 -2.588191e-01
      outer loop
         vertex 4.943969e+01 0.000000e+00 6.579794e-01
         vertex 4.943969e+01 2.000000e+00 6.579794e-01
         vertex 4.948481e+01 2.000000e+00 8.263513e-01
      endloop
   endfacet
   facet normal 9.659258e-01 0.000000e+00 -2.588191e-01
      outer loop
         vertex 4.943969e+01 0.000000e+00 6.579794e-01
         vertex 4.948481e+01 2.000000e+00 8.263513e-01
         vertex 4.948481e+01 0.000000e+00 8.263513e-01
      endloop
   endfacet
   facet normal 9.961945e-01 0.000000e+00 -8.715780e-02
      outer loop
         vertex 4.948481e+01 0.000000e+00 8.263513e-01
         vertex 4.948481e+01 2.000000e+00 8.263513e-01
         vertex 4.950000e+01 2.000000e+00 1.000000e+00
      endloop
   endfacet
   facet normal 9.961945e-01 0.000000e+00 -8.715780e-02
      outer loop
         vertex 4.948481e+01 0.000000e+00 8.263513e-01
         vertex 4.950000e+01 2.000000e+00 1.000000e+00
         vertex 4.950000e+01 0.000000e+00 1.000000e+00
      endloop
   endfacet
   facet normal -8.715297e-02 -0.000000e+00 -9.961949e-01
      outer loop
         vertex 2.250000e+01 2.000000e+00 0.000000e+00
         vertex 2.250000e+01 0.000000e+00 0.000000e+00
         vertex 2.232635e+01 0.000000e+00 1.519173e-02
      endloop
   endfacet
   facet normal -8.715297e-02 0.000000e+00 -9.961949e-01
      outer loop
         vertex 2.250000e+01 2.000000e+00 0.000000e+00
         vertex 2.232635e+01 0.000000e+00 1.519173e-02
         vertex 2.232635e+01 2.000000e+00 1.519173e-02
      endloop
   endfacet
   facet normal -2.588191e-01 -0.000000e+00 -9.659258e-01
      outer loop
         vertex 2.232635e+01 2.000000e+00 1.519173e-02
         vertex 2.232635e+01 0.000000e+00 1.519173e-02
         vertex 2.215798e+01 0.000000e+00 6.030686e-02
      endloop
   endfacet
   facet normal -2.588191e-01 0.000000e+00 -9.659258e-01
      outer loop
         vertex 2.232635e+01 2.000000e+00 1.519173e-02
         vertex 2.215798e+01 0.000000e+00 6.030686e-02
         vertex 2.215798e+01 2.000000e+00 6.030686e-02
      endloop
   endfacet
   facet normal -4.226193e-01 -0.000000e+00 -9.063073e-01
      outer loop
         vertex 2.215798e+01 2.000000e+00 6.030686e-02
         vertex 2.215798e+01 0.000000e+00 6.030686e-02
         vertex 2.200000e+01 0.000000e+00 1.339745e-01
      endloop
   endfacet
   facet normal -4.226193e-01 0.000000e+00 -9.063073e-01
      outer loop
         vertex 2.215798e+01 2.000000e+00 6.030686e-02
         vertex 2.200000e+01 0.000000e+00 1.339745e-01
         vertex 2.200000e+01 2.000000e+00 1.339745e-01
      endloop
   endfacet
   facet normal -5.735774e-01 -0.000000e+00 -8.191513e-01
      outer loop
         vertex 2.200000e+01 2.000000e+00 1.339745e-01
         vertex 2.200000e+01 0.000000e+00 1.339745e-01
         vertex 2.185721e+01 0.000000e+00 2.339557e-01
      endloop
   endfacet
   facet normal -5.735774e-01 0.000000e+00 -8.191513e-01
      outer loop
         vertex 2.200000e+01 2.000000e+00 1.339745e-01
         vertex 2.185721e+01 0.000000e+00 2.339557e-01
         vertex 2.185721e+01 2.000000e+00 2.339557e-01
      endloop
   endfacet
   facet normal -7.071068e-01 -0.000000e+00 -7.071068e-01
      outer loop
         vertex 2.185721e+01 2.000000e+00 2.339557e-01
         vertex 2.185721e+01 0.000000e+00 2.339557e-01
         vertex 2.173396e+01 0.000000e+00 3.572125e-01
      endloop
   endfacet
   facet normal -7.071068e-01 0.000000e+00 -7.071068e-01
      outer loop
         vertex 2.185721e+01 2.000000e+00 2.339557e-01
         vertex 2.173396e+01 0.000000e+00 3.572125e-01
         vertex 2.173396e+01 2.000000e+00 3.572125e-01
      endloop
   endfacet
   facet normal -8.191556e-01 -0.000000e+00 -5.735713e-01
      outer loop
         vertex 2.173396e+01 2.000000e+00 3.572125e-01
         vertex 2.173396e+01 0.000000e+00 3.572125e-01
         vertex 2.163398e+01 0.000000e+00 5.000010e-01
      endloop
   endfacet
   facet normal -8.191556e-01 0.000000e+00 -5.735713e-01
      outer loop
         vertex 2.173396e+01 2.000000e+00 3.572125e-01
         vertex 2.163398e+01 0.000000e+00 5.000010e-01
         vertex 2.163398e+01 2.000000e+00 5.000010e-01
      endloop
   endfacet
   facet normal -9.063054e-01 -0.000000e+00 -4.226234e-01
      outer loop
         vertex 2.163398e+01 2.000000e+00 5.000010e-01
         vertex 2.163398e+01 0.000000e+00 5.000010e-01
         vertex 2.156031e+01 0.000000e+00 6.579794e-01
      endloop
   endfacet
   facet normal -9.063054e-01 0.000000e+00 -4.226234e-01
      outer loop
         vertex 2.163398e+01 2.000000e+00 5.000010e-01
         vertex 2.156031e+01 0.000000e+00 6.579794e-01
         vertex 2.156031e+01 2.000000e+00 6.579794e-01
      endloop
   endfacet
   facet normal -9.659258e-01 -0.000000e+00 -2.588191e-01
      outer loop
         vertex 2.156031e+01 2.000000e+00 6.579794e-01
         vertex 2.156031e+01 0.000000e+00 6.579794e-01
         vertex 2.151519e+01 0.000000e+00 8.263513e-01
      endloop
   endfacet
   facet normal -9.659258e-01 0.000000e+00 -2.588191e-01
      outer loop
         vertex 2.156031e+01 2.000000e+00 6.579794e-01
         vertex 2.151519e+01 0.000000e+00 8.263513e-01
         vertex 2.151519e+01 2.000000e+00 8.263513e-01
      endloop
   endfacet
   facet normal -9.961945e-01 -0.000000e+00 -8.715780e-02
      outer loop
         vertex 2.151519e+01 2.000000e+00 8.263513e-01
         vertex 2.151519e+01 0.000000e+00 8.263513e-01
         vertex 2.150000e+01 0.000000e+00 1.000000e+00
      endloop
   endfacet
   facet normal -9.961945e-01 0.000000e+00 -8.715780e-02
      outer loop
         vertex 2.151519e+01 2.000000e+00 8.263513e-01
         vertex 2.150000e+01 0.000000e+00 1.000000e+00
         vertex 2.150000e+01 2.000000e+00 1.000000e+00
      endloop
   endfacet
   facet normal 0.000000e+00 0.000000e+00 -1.000000e+00
      outer loop
         vertex 6.900000e+01 1.100000e+01 3.436018e+01
         vertex 6.900000e+01 2.800000e+01 3.436018e+01
         vertex 7.100000e+01 1.100000e+01 3.436018e+01
      endloop
   endfacet
   facet normal 0.000000e+00 0.000000e+00 -1.000000e+00
      outer loop
         vertex 7.100000e+01 1.100000e+01 3.436018e+01
         vertex 6.900000e+01 2.800000e+01 3.436018e+01
         vertex 7.100000e+01 2.800000e+01 3.436018e+01
      endloop
   endfacet
   facet normal -0.000000e+00 0.000000e+00 1.000000e+00
      outer loop
         vertex 6.900000e+01 2.800000e+01 3.136018e+01
         vertex 6.900000e+01 1.100000e+01 3.136018e+01
         vertex 7.100000e+01 2.800000e+01 3.136018e+01
      endloop
   endfacet
   facet normal 0.000000e+00 0.000000e+00 1.000000e+00
      outer loop
         vertex 7.100000e+01 2.800000e+01 3.136018e+01
         vertex 6.900000e+01 1.100000e+01 3.136018e+01
         vertex 7.100000e+01 1.100000e+01 3.136018e+01
      endloop
   endfacet
   facet normal 0.000000e+00 1.000000e+00 0.000000e+00
      outer loop
         vertex 6.900000e+01 1.100000e+01 3.136018e+01
         vertex 6.900000e+01 1.100000e+01 3.436018e+01
         vertex 7.100000e+01 1.100000e+01 3.136018e+01
      endloop
   endfacet
   facet normal 0.000000e+00 1.000000e+00 -0.000000e+00
      outer loop
         vertex 7.100000e+01 1.100000e+01 3.136018e+01
         vertex 6.900000e+01 1.100000e+01 3.436018e+01
         vertex 7.100000e+01 1.100000e+01 3.436018e+01
      endloop
   endfacet
endsolid Box